"((None, None, None, None, None, None, 2.0, 2.0, 2.0, 2.0, None, 2.0, 1.0, 1.0, 1.0, None, 2.0, 1.0, 1.0, 1.0, None, 2.0, 1.0, 1.0, 4),)",[-2.23849    43.54646231 -2.755351    0.        ]
"((None, None, None, None, None, None, 2.0, 2.0, 2.0, 2.0, None, 2.0, 0.0, 1.0, 1.0, None, 2.0, 1.0, 1.0, 1.0, None, 2.0, 1.0, 1.0, 4),)",[0. 1. 0. 0.]
"((None, 2.0, 2.0, 2.0, 2.0, None, 2.0, 0.0, 1.0, 1.0, None, 2.0, 1.0, 1.0, 1.0, None, 2.0, 1.0, 1.0, 4, None, 2.0, 2.0, 2.0, 2.0),)",[0. 1. 0. 0.]
"((None, 2.0, 0.0, 1.0, 1.0, None, 2.0, 0.0, 1.0, 1.0, None, 2.0, 1.0, 4, 1.0, None, 2.0, 2.0, 2.0, 2.0, None, None, None, None, None),)",[ 30.61498494  -6.12282772  -1.9        -13.55      ]
"((None, 2.0, 2.0, 2.0, 2.0, None, 2.0, 0.0, 1.0, 1.0, None, 2.0, 0.0, 1.0, 1.0, None, 2.0, 0.0, 4, 1.0, None, 2.0, 2.0, 2.0, 2.0),)",[35.17673162 -0.5226031  -0.42132958 -1.421     ]
"((2.0, 2.0, 2.0, 2.0, 2.0, 2.0, 0.0, 1.0, 1.0, 2.0, 2.0, 0.0, 1.0, 1.0, 2.0, 2.0, 4, 1.0, 1.0, 2.0, 2.0, 2.0, 2.0, 2.0, 2.0),)",[0. 1. 0. 0.]
"((2.0, 0.0, 1.0, 1.0, 2.0, 2.0, 0.0, 0.0, 1.0, 2.0, 2.0, 4, 1.0, 1.0, 2.0, 2.0, 2.0, 2.0, 2.0, 2.0, None, None, None, None, None),)",[ 0.   -4.91  0.    0.  ]
"((None, None, None, None, None, None, 2.0, 2.0, 2.0, 2.0, None, 2.0, 0.0, 1.0, 1.0, None, 2.0, 1.0, 1.0, 1.0, None, 2.0, 1.0, 4, 1.0),)",[-0.91     0.       0.       5.16439]
"((None, None, None, None, None, 2.0, 2.0, 2.0, 2.0, 2.0, 2.0, 0.0, 1.0, 1.0, 2.0, 2.0, 1.0, 1.0, 1.0, 2.0, 2.0, 1.0, 4, 1.0, 2.0),)",[-1.    3.52  0.    0.  ]
"((None, None, None, None, None, 2.0, 2.0, 2.0, 2.0, 2.0, 2.0, 0.0, 0.0, 1.0, 2.0, 2.0, 1.0, 1.0, 1.0, 2.0, 2.0, 1.0, 4, 1.0, 2.0),)",[-1. -5.  0.  0.]
"((2.0, 2.0, 2.0, 2.0, 2.0, 2.0, 0.0, 0.0, 1.0, 2.0, 2.0, 1.0, 4, 1.0, 2.0, 2.0, 1.0, 1.0, 1.0, 2.0, 2.0, 2.0, 2.0, 2.0, 2.0),)",[0. 0. 0. 0.]
"((None, None, None, None, None, 2.0, 2.0, 2.0, 2.0, 2.0, 2.0, 0.0, 1.0, 1.0, 2.0, 2.0, 1.0, 1.0, 4, 2.0, 2.0, 1.0, 1.0, 1.0, 2.0),)",[-1.  0.  0.  0.]
"((None, None, None, None, None, 2.0, 2.0, 2.0, 2.0, 2.0, 2.0, 0.0, 0.0, 1.0, 2.0, 2.0, 1.0, 1.0, 4, 2.0, 2.0, 1.0, 1.0, 1.0, 2.0),)",[-1.  0.  0.  0.]
"((None, None, None, None, None, 2.0, 2.0, 2.0, 2.0, 2.0, 2.0, 0.0, 0.0, 1.0, 2.0, 2.0, 1.0, 4, 1.0, 2.0, 2.0, 1.0, 1.0, 1.0, 2.0),)",[-5.9 -5.   0.   0. ]
"((None, 2.0, 2.0, 2.0, 2.0, None, 2.0, 0.0, 1.0, 1.0, None, 2.0, 1.0, 1.0, 1.0, None, 2.0, 1.0, 4, 1.0, None, 2.0, 2.0, 2.0, 2.0),)",[-0.271      37.55564643 -0.91        1.        ]
"((None, None, None, None, None, None, 2.0, 2.0, 2.0, 2.0, None, 2.0, 0.0, 1.0, 1.0, None, 2.0, 0.0, 1.0, 1.0, None, 2.0, 1.0, 4, 1.0),)",[-1.   -0.19 -1.    1.  ]
"((None, 2.0, 2.0, 2.0, 2.0, None, 2.0, 0.0, 1.0, 1.0, None, 2.0, 0.0, 1.0, 1.0, None, 2.0, 1.0, 4, 1.0, None, 2.0, 2.0, 2.0, 2.0),)",[-0.1  1.9  0.   0. ]
"((None, None, None, None, None, None, 2.0, 2.0, 2.0, 2.0, None, 2.0, 0.0, 1.0, 1.0, None, 2.0, 0.0, 4, 1.0, None, 2.0, 1.0, 1.0, 1.0),)",[-1. -5.  0.  0.]
"((None, 2.0, 2.0, 2.0, 2.0, None, 2.0, 0.0, 1.0, 1.0, None, 2.0, 4, 1.0, 1.0, None, 2.0, 1.0, 1.0, 1.0, None, 2.0, 2.0, 2.0, 2.0),)",[0. 0. 0. 0.]
"((2.0, 2.0, 2.0, 2.0, 2.0, 2.0, 0.0, 0.0, 1.0, 2.0, 2.0, 1.0, 1.0, 1.0, 2.0, 2.0, 1.0, 4, 1.0, 2.0, 2.0, 2.0, 2.0, 2.0, 2.0),)",[0.  0.  1.9 0. ]
"((None, 2.0, 2.0, 2.0, 2.0, None, 2.0, 0.0, 0.0, 1.0, None, 2.0, 1.0, 0.0, 1.0, None, 2.0, 1.0, 4, 1.0, None, 2.0, 2.0, 2.0, 2.0),)",[-0.1  1.   0.   0. ]
"((None, None, None, None, None, None, 2.0, 2.0, 2.0, 2.0, None, 2.0, 0.0, 0.0, 1.0, None, 2.0, 0.0, 0.0, 1.0, None, 2.0, 4, 1.0, 1.0),)",[ 0.   0.   0.  -0.1]
"((None, None, None, None, None, 2.0, 2.0, 2.0, 2.0, 2.0, 2.0, 0.0, 0.0, 1.0, 2.0, 2.0, 0.0, 0.0, 1.0, 2.0, 2.0, 4, 1.0, 1.0, 2.0),)",[ 0.  -0.1  0.   0. ]
"((2.0, 2.0, 2.0, 2.0, 2.0, 2.0, 0.0, 0.0, 1.0, 2.0, 2.0, 4, 0.0, 1.0, 2.0, 2.0, 1.0, 1.0, 1.0, 2.0, 2.0, 2.0, 2.0, 2.0, 2.0),)",[0. 0. 0. 1.]
"((2.0, 2.0, 2.0, 2.0, None, 0.0, 0.0, 1.0, 2.0, None, 4, 0.0, 1.0, 2.0, None, 1.0, 1.0, 1.0, 2.0, None, 2.0, 2.0, 2.0, 2.0, None),)",[1. 0. 0. 0.]
"((None, None, None, None, None, 2.0, 2.0, 2.0, 2.0, None, 0.0, 0.0, 1.0, 2.0, None, 0.0, 4, 0.0, 2.0, None, 1.0, 1.0, 1.0, 2.0, None),)",[-1.  0.  0.  0.]
"((None, None, None, None, None, 2.0, 2.0, 2.0, 2.0, None, 0.0, 0.0, 0.0, 2.0, None, 0.0, 4, 0.0, 2.0, None, 1.0, 1.0, 1.0, 2.0, None),)",[-1.  0.  0.  0.]
"((None, None, None, None, None, 2.0, 2.0, 2.0, 2.0, None, 0.0, 4, 0.0, 2.0, None, 0.0, 0.0, 0.0, 2.0, None, 1.0, 1.0, 1.0, 2.0, None),)",[-5.9  0.   0.   0. ]
"((None, 2.0, 0.0, 1.0, 1.0, None, 2.0, 0.0, 1.0, 1.0, None, 2.0, 0.0, 4, 1.0, None, 2.0, 2.0, 2.0, 2.0, None, None, None, None, None),)",[  3.54326497 -23.21784292  -5.9         -5.        ]
"((2.0, 2.0, 2.0, 2.0, 2.0, 2.0, 0.0, 1.0, 1.0, 2.0, 2.0, 0.0, 4, 1.0, 2.0, 2.0, 0.0, 1.0, 1.0, 2.0, 2.0, 2.0, 2.0, 2.0, 2.0),)",[0. 0. 0. 0.]
"((None, None, None, None, None, 2.0, 2.0, 2.0, 2.0, 2.0, 2.0, 0.0, 1.0, 1.0, 2.0, 2.0, 0.0, 1.0, 1.0, 2.0, 2.0, 1.0, 4, 1.0, 2.0),)",[-1.  0.  0.  0.]
"((None, None, None, None, None, 2.0, 2.0, 2.0, 2.0, 2.0, 2.0, 0.0, 0.0, 1.0, 2.0, 2.0, 0.0, 4, 1.0, 2.0, 2.0, 1.0, 1.0, 1.0, 2.0),)",[-5.9  0.   0.   0. ]
"((2.0, 0.0, 1.0, 1.0, 2.0, 2.0, 0.0, 1.0, 1.0, 2.0, 2.0, 0.0, 4, 1.0, 2.0, 2.0, 2.0, 2.0, 2.0, 2.0, None, None, None, None, None),)",[0. 0. 0. 0.]
"((None, None, None, None, None, None, 2.0, 2.0, 2.0, 2.0, None, 2.0, 0.0, 1.0, 1.0, None, 2.0, 0.0, 1.0, 1.0, None, 2.0, 0.0, 4, 1.0),)",[-1.81       -0.19       -3.138499   39.70389753]
"((None, None, None, None, None, None, 2.0, 2.0, 2.0, 2.0, None, 2.0, 0.0, 1.0, 1.0, None, 2.0, 0.0, 4, 1.0, None, 2.0, 0.0, 1.0, 1.0),)",[-4.68559    -5.         -4.90099501 -5.        ]
"((None, 2.0, 2.0, 2.0, 2.0, None, 2.0, 0.0, 1.0, 1.0, None, 2.0, 4, 1.0, 1.0, None, 2.0, 0.0, 1.0, 1.0, None, 2.0, 2.0, 2.0, 2.0),)",[0. 0. 0. 0.]
"((None, None, None, None, None, 2.0, 2.0, 2.0, 2.0, 2.0, 2.0, 0.0, 4, 1.0, 2.0, 2.0, 0.0, 1.0, 1.0, 2.0, 2.0, 0.0, 1.0, 1.0, 2.0),)",[0. 0. 0. 0.]
"((None, 2.0, 2.0, 2.0, 2.0, None, 2.0, 0.0, 1.0, 1.0, None, 2.0, 0.0, 4, 1.0, None, 2.0, 0.0, 1.0, 1.0, None, 2.0, 2.0, 2.0, 2.0),)",[-0.19 -0.1   0.    0.  ]
"((None, None, None, None, None, None, 2.0, 2.0, 2.0, 2.0, None, 2.0, 0.0, 1.0, 1.0, None, 2.0, 4, 1.0, 1.0, None, 2.0, 0.0, 1.0, 1.0),)",[-10.679  -5.      0.      0.   ]
"((None, None, None, None, None, None, 2.0, 2.0, 2.0, 2.0, None, 2.0, 0.0, 1.0, 1.0, None, 2.0, 0.0, 1.0, 1.0, None, 2.0, 4, 1.0, 1.0),)",[-1.         -5.         -1.         12.58069247]
"((None, None, None, None, None, 2.0, 2.0, 2.0, 2.0, 2.0, 2.0, 0.0, 1.0, 1.0, 2.0, 2.0, 0.0, 4, 1.0, 2.0, 2.0, 0.0, 1.0, 1.0, 2.0),)",[ 0.          0.         -0.1        21.83723495]
"((None, None, None, None, None, 2.0, 2.0, 2.0, 2.0, None, 0.0, 0.0, 1.0, 2.0, None, 0.0, 4, 1.0, 2.0, None, 0.0, 1.0, 1.0, 2.0, None),)",[-6.28239246 -9.935132   -9.5        11.13852678]
"((None, None, None, None, None, 2.0, 2.0, 2.0, 2.0, None, 0.0, 4, 0.0, 2.0, None, 0.0, 1.0, 1.0, 2.0, None, 0.0, 1.0, 1.0, 2.0, None),)",[-5.9        37.52776399  0.         -0.57515286]
"((2.0, 2.0, 2.0, 2.0, None, 0.0, 0.0, 0.0, 2.0, None, 0.0, 1.0, 4, 2.0, None, 0.0, 1.0, 1.0, 2.0, None, 2.0, 2.0, 2.0, 2.0, None),)",[0. 0. 0. 0.]
"((None, None, None, None, None, 2.0, 2.0, 2.0, 2.0, 2.0, 2.0, 0.0, 4, 0.0, 2.0, 2.0, 0.0, 1.0, 1.0, 2.0, 2.0, 0.0, 1.0, 1.0, 2.0),)",[0. 0. 0. 0.]
"((None, None, None, None, None, 2.0, 2.0, 2.0, 2.0, 2.0, 2.0, 0.0, 1.0, 1.0, 2.0, 2.0, 0.0, 1.0, 1.0, 2.0, 2.0, 4, 1.0, 1.0, 2.0),)",[-1.9        41.96247568 -0.19        1.        ]
"((None, None, None, None, None, 2.0, 2.0, 2.0, 2.0, 2.0, 2.0, 0.0, 0.0, 1.0, 2.0, 2.0, 0.0, 1.0, 1.0, 2.0, 2.0, 4, 1.0, 1.0, 2.0),)",[-1.     1.171  0.     0.   ]
"((None, None, None, None, None, 2.0, 2.0, 2.0, 2.0, 2.0, 2.0, 0.0, 0.0, 1.0, 2.0, 2.0, 4, 1.0, 1.0, 2.0, 2.0, 0.0, 1.0, 1.0, 2.0),)",[-1.  -4.1  0.   0. ]
"((2.0, 2.0, 2.0, 2.0, 2.0, 2.0, 4, 0.0, 1.0, 2.0, 2.0, 0.0, 1.0, 1.0, 2.0, 2.0, 0.0, 1.0, 1.0, 2.0, 2.0, 2.0, 2.0, 2.0, 2.0),)",[-0.1  0.   0.   0. ]
"((None, None, None, None, None, 2.0, 2.0, 2.0, 2.0, 2.0, 2.0, 4, 0.0, 1.0, 2.0, 2.0, 0.0, 0.0, 1.0, 2.0, 2.0, 0.0, 1.0, 1.0, 2.0),)",[-5.  0.  0.  0.]
"((2.0, 2.0, 2.0, 2.0, 2.0, 2.0, 0.0, 0.0, 1.0, 2.0, 2.0, 0.0, 1.0, 1.0, 2.0, 2.0, 4, 1.0, 1.0, 2.0, 2.0, 2.0, 2.0, 2.0, 2.0),)",[-0.1        -5.         -0.1        32.79536058]
"((None, None, None, None, None, 2.0, 2.0, 2.0, 2.0, 2.0, 2.0, 0.0, 0.0, 1.0, 2.0, 2.0, 4, 0.0, 1.0, 2.0, 2.0, 0.0, 1.0, 1.0, 2.0),)",[-1. -5. -5.  0.]
"((2.0, 2.0, 2.0, 2.0, 2.0, 2.0, 0.0, 0.0, 1.0, 2.0, 2.0, 0.0, 4, 1.0, 2.0, 2.0, 0.0, 1.0, 1.0, 2.0, 2.0, 2.0, 2.0, 2.0, 2.0),)",[0. 0. 0. 0.]
"((None, None, None, None, None, 2.0, 2.0, 2.0, 2.0, None, 0.0, 0.0, 0.0, 2.0, None, 0.0, 1.0, 4, 2.0, None, 0.0, 1.0, 1.0, 2.0, None),)",[-12.82089598  -5.           5.37903174  -5.909     ]
"((2.0, 2.0, 2.0, 2.0, None, 0.0, 4, 0.0, 2.0, None, 0.0, 1.0, 1.0, 2.0, None, 0.0, 1.0, 1.0, 2.0, None, 2.0, 2.0, 2.0, 2.0, None),)",[-0.1        25.94218666  0.          0.        ]
"((None, None, None, None, None, 2.0, 2.0, 2.0, 2.0, None, 0.0, 4, 0.0, 2.0, None, 0.0, 1.0, 0.0, 2.0, None, 0.0, 1.0, 1.0, 2.0, None),)",[-5.  -0.1  0.   0. ]
"((None, 2.0, 0.0, 1.0, 1.0, None, 2.0, 0.0, 1.0, 4, None, 2.0, 1.0, 1.0, 1.0, None, 2.0, 2.0, 2.0, 2.0, None, None, None, None, None),)",[-0.1  0.   0.   0. ]
"((None, 2.0, 2.0, 2.0, 2.0, None, 2.0, 0.0, 1.0, 1.0, None, 2.0, 0.0, 1.0, 4, None, 2.0, 0.0, 1.0, 1.0, None, 2.0, 2.0, 2.0, 2.0),)",[-0.19  0.    0.    0.  ]
"((2.0, 0.0, 0.0, 1.0, 2.0, 2.0, 0.0, 0.0, 1.0, 2.0, 2.0, 0.0, 4, 1.0, 2.0, 2.0, 2.0, 2.0, 2.0, 2.0, None, None, None, None, None),)",[0. 0. 0. 0.]
"((None, 2.0, 2.0, 2.0, 2.0, None, 2.0, 0.0, 0.0, 1.0, None, 2.0, 0.0, 0.0, 1.0, None, 2.0, 0.0, 4, 1.0, None, 2.0, 2.0, 2.0, 2.0),)",[-0.1  0.   0.   0. ]
"((None, None, None, None, None, None, 2.0, 2.0, 2.0, 2.0, None, 2.0, 0.0, 0.0, 1.0, None, 2.0, 0.0, 0.0, 1.0, None, 2.0, 0.0, 4, 1.0),)",[-1.  0.  0.  0.]
"((None, None, None, None, None, None, 2.0, 2.0, 2.0, 2.0, None, 2.0, 0.0, 0.0, 1.0, None, 2.0, 0.0, 4, 1.0, None, 2.0, 0.0, 1.0, 1.0),)",[-1. -5. -1.  0.]
"((None, 2.0, 2.0, 2.0, 2.0, None, 2.0, 0.0, 0.0, 1.0, None, 2.0, 4, 0.0, 1.0, None, 2.0, 0.0, 1.0, 1.0, None, 2.0, 2.0, 2.0, 2.0),)",[0. 0. 0. 0.]
"((None, None, None, None, None, 2.0, 2.0, 2.0, 2.0, 2.0, 2.0, 0.0, 0.0, 0.0, 2.0, 2.0, 0.0, 1.0, 4, 2.0, 2.0, 0.0, 1.0, 1.0, 2.0),)",[-1.9        -4.1         5.86327833 -5.09      ]
"((None, None, None, None, None, 2.0, 2.0, 2.0, 2.0, 2.0, 2.0, 0.0, 0.0, 4, 2.0, 2.0, 0.0, 1.0, 1.0, 2.0, 2.0, 0.0, 1.0, 1.0, 2.0),)",[-5.9  1.   0.   0. ]
"((2.0, 2.0, 2.0, 2.0, None, 0.0, 0.0, 1.0, 2.0, None, 4, 0.0, 1.0, 2.0, None, 0.0, 1.0, 1.0, 2.0, None, 2.0, 2.0, 2.0, 2.0, None),)",[37.55731535  0.          0.          0.        ]
"((None, None, None, None, None, 2.0, 2.0, 2.0, 2.0, None, 0.0, 0.0, 1.0, 2.0, None, 4, 0.0, 0.0, 2.0, None, 0.0, 1.0, 1.0, 2.0, None),)",[-1.         33.26708902 -0.2804851  -1.        ]
"((None, None, None, None, None, 2.0, 2.0, 2.0, 2.0, None, 0.0, 0.0, 0.0, 2.0, None, 0.0, 4, 0.0, 2.0, None, 0.0, 1.0, 1.0, 2.0, None),)",[-5.29335971 -3.0982306  -5.31761    -5.406617  ]
"((None, None, None, None, None, 2.0, 2.0, 2.0, 2.0, 2.0, 2.0, 0.0, 0.0, 0.0, 2.0, 2.0, 0.0, 4, 0.0, 2.0, 2.0, 0.0, 1.0, 1.0, 2.0),)",[-5.9        -5.         -9.5171     -3.17995003]
"((None, None, None, None, None, None, 2.0, 2.0, 2.0, 2.0, None, 2.0, 0.0, 4, 1.0, None, 2.0, 0.0, 1.0, 1.0, None, 2.0, 0.0, 1.0, 1.0),)",[-5.9 -0.1 -5.9  0. ]
"((None, None, None, None, None, 2.0, 2.0, 2.0, 2.0, 2.0, 2.0, 0.0, 1.0, 1.0, 2.0, 2.0, 4, 1.0, 1.0, 2.0, 2.0, 0.0, 1.0, 1.0, 2.0),)",[-0.91  0.    0.    0.  ]
"((0.0, 0.0, 4, 2.0, None, 0.0, 1.0, 0.0, 2.0, None, 0.0, 1.0, 1.0, 2.0, None, 2.0, 2.0, 2.0, 2.0, None, None, None, None, None, None),)",[-0.1        -0.91       41.05462815  0.        ]
"((2.0, 2.0, 2.0, 2.0, None, 0.0, 0.0, 4, 2.0, None, 0.0, 1.0, 0.0, 2.0, None, 0.0, 1.0, 0.0, 2.0, None, 2.0, 2.0, 2.0, 2.0, None),)",[-5.  -0.1  0.   0. ]
"((2.0, 2.0, 2.0, 2.0, None, 0.0, 0.0, 1.0, 2.0, None, 0.0, 0.0, 1.0, 2.0, None, 0.0, 4, 1.0, 2.0, None, 2.0, 2.0, 2.0, 2.0, None),)",[12.94066789  0.          0.          0.        ]
"((None, None, None, None, None, 2.0, 2.0, 2.0, 2.0, None, 0.0, 0.0, 1.0, 2.0, None, 0.0, 0.0, 0.0, 2.0, None, 0.0, 4, 1.0, 2.0, None),)",[-1.          2.53373689 -0.23567933 -1.        ]
"((2.0, 2.0, 2.0, 2.0, None, 0.0, 0.0, 0.0, 2.0, None, 0.0, 0.0, 4, 2.0, None, 0.0, 1.0, 1.0, 2.0, None, 2.0, 2.0, 2.0, 2.0, None),)",[0. 0. 0. 0.]
"((None, 2.0, 0.0, 1.0, 1.0, None, 2.0, 0.0, 4, 1.0, None, 2.0, 0.0, 1.0, 1.0, None, 2.0, 2.0, 2.0, 2.0, None, None, None, None, None),)",[-5.  0.  0.  0.]
"((2.0, 2.0, 2.0, 2.0, 2.0, 2.0, 0.0, 0.0, 4, 2.0, 2.0, 0.0, 1.0, 1.0, 2.0, 2.0, 0.0, 1.0, 1.0, 2.0, 2.0, 2.0, 2.0, 2.0, 2.0),)",[-0.1  0.   0.  -5. ]
"((None, None, None, None, None, 2.0, 2.0, 2.0, 2.0, 2.0, 2.0, 0.0, 0.0, 4, 2.0, 2.0, 0.0, 0.0, 1.0, 2.0, 2.0, 0.0, 1.0, 1.0, 2.0),)",[-5.  0.  0.  0.]
"((2.0, 2.0, 2.0, 2.0, None, 0.0, 0.0, 0.0, 2.0, None, 0.0, 0.0, 0.0, 2.0, None, 0.0, 1.0, 4, 2.0, None, 2.0, 2.0, 2.0, 2.0, None),)",[-1.88781206 -5.         -0.01852438 -5.909     ]
"((None, None, None, None, None, 2.0, 2.0, 2.0, 2.0, None, 0.0, 0.0, 0.0, 2.0, None, 0.0, 0.0, 0.0, 2.0, None, 0.0, 1.0, 4, 2.0, None),)",[-1.91279533 -5.09        6.05692324 -1.92439923]
"((None, None, None, None, None, 2.0, 2.0, 2.0, 2.0, None, 0.0, 0.0, 0.0, 2.0, None, 0.0, 0.0, 4, 2.0, None, 0.0, 1.0, 1.0, 2.0, None),)",[ -5.9         -5.          -1.07631309 -23.5591457 ]
"((2.0, 2.0, 2.0, 2.0, None, 0.0, 0.0, 0.0, 2.0, None, 0.0, 4, 0.0, 2.0, None, 0.0, 1.0, 1.0, 2.0, None, 2.0, 2.0, 2.0, 2.0, None),)",[-0.1         5.99959969  0.          0.        ]
"((None, None, None, None, None, 2.0, 2.0, 2.0, 2.0, 2.0, 2.0, 0.0, 0.0, 0.0, 2.0, 2.0, 0.0, 0.0, 0.0, 2.0, 2.0, 0.0, 1.0, 4, 2.0),)",[-1.         10.10885258 -0.4810249  -0.64915306]
"((None, None, None, None, None, None, 2.0, 2.0, 2.0, 2.0, None, 2.0, 0.0, 0.0, 0.0, None, 2.0, 0.0, 0.0, 0.0, None, 2.0, 0.0, 1.0, 4),)",[-1.      -0.1     -1.009   -0.12439]
"((None, None, None, None, None, None, 2.0, 2.0, 2.0, 2.0, None, 2.0, 0.0, 0.0, 0.0, None, 2.0, 0.0, 0.0, 4, None, 2.0, 0.0, 1.0, 1.0),)",[-1.9171     -1.57094392 -1.958329   -1.22881674]
"((None, 2.0, 2.0, 2.0, 2.0, None, 2.0, 0.0, 0.0, 4, None, 2.0, 0.0, 0.0, 0.0, None, 2.0, 0.0, 1.0, 1.0, None, 2.0, 2.0, 2.0, 2.0),)",[-0.271 -0.271 -1.    -0.19 ]
"((None, None, None, None, None, None, 2.0, 2.0, 2.0, 2.0, None, 2.0, 0.0, 0.0, 4, None, 2.0, 0.0, 0.0, 0.0, None, 2.0, 0.0, 1.0, 1.0),)",[-1.      -0.38368 -1.      -5.2439 ]
"((None, None, None, None, None, None, 2.0, 2.0, 2.0, 2.0, None, 2.0, 0.0, 4, 0.0, None, 2.0, 0.0, 0.0, 0.0, None, 2.0, 0.0, 1.0, 1.0),)",[-5.9   -0.199 -5.9   -5.   ]
"((None, None, None, None, None, 2.0, 2.0, 2.0, 2.0, None, 0.0, 0.0, 1.0, 2.0, None, 0.0, 1.0, 1.0, 2.0, None, 4, 1.0, 1.0, 2.0, None),)",[-1.  0.  0.  0.]
"((None, None, None, None, None, 2.0, 2.0, 2.0, 2.0, None, 0.0, 0.0, 0.0, 2.0, None, 4, 1.0, 1.0, 2.0, None, 0.0, 1.0, 1.0, 2.0, None),)",[-1.  1.  0.  0.]
"((2.0, 2.0, 2.0, 2.0, None, 4, 0.0, 0.0, 2.0, None, 0.0, 1.0, 1.0, 2.0, None, 0.0, 1.0, 1.0, 2.0, None, 2.0, 2.0, 2.0, 2.0, None),)",[-0.1  0.   0.   0. ]
"((None, None, None, None, None, 2.0, 2.0, 2.0, 2.0, None, 4, 0.0, 0.0, 2.0, None, 0.0, 1.0, 0.0, 2.0, None, 0.0, 1.0, 1.0, 2.0, None),)",[-1.  0.  0.  0.]
"((2.0, 2.0, 2.0, 2.0, None, 0.0, 4, 0.0, 2.0, None, 0.0, 1.0, 0.0, 2.0, None, 0.0, 1.0, 1.0, 2.0, None, 2.0, 2.0, 2.0, 2.0, None),)",[-0.109  0.     0.     0.   ]
"((2.0, 2.0, 2.0, 2.0, 2.0, 2.0, 0.0, 0.0, 0.0, 2.0, 2.0, 0.0, 4, 1.0, 2.0, 2.0, 0.0, 1.0, 1.0, 2.0, 2.0, 2.0, 2.0, 2.0, 2.0),)",[0. 0. 0. 0.]
"((None, None, None, None, None, None, 2.0, 2.0, 2.0, 2.0, None, 2.0, 0.0, 0.0, 4, None, 2.0, 0.0, 1.0, 1.0, None, 2.0, 0.0, 1.0, 1.0),)",[-1.         19.89938691 -1.44569028 -5.        ]
"((None, 2.0, 2.0, 2.0, 2.0, None, 2.0, 0.0, 4, 0.0, None, 2.0, 0.0, 1.0, 1.0, None, 2.0, 0.0, 1.0, 1.0, None, 2.0, 2.0, 2.0, 2.0),)",[-0.19 -0.1  -1.   -5.  ]
"((None, None, None, None, None, None, 2.0, 2.0, 2.0, 2.0, None, 2.0, 0.0, 4, 0.0, None, 2.0, 0.0, 1.0, 1.0, None, 2.0, 0.0, 1.0, 1.0),)",[-9.509  0.     0.     0.   ]
"((0.0, 0.0, 0.0, 2.0, None, 0.0, 4, 0.0, 2.0, None, 0.0, 1.0, 1.0, 2.0, None, 2.0, 2.0, 2.0, 2.0, None, None, None, None, None, None),)",[-9.581      -1.80168764 -8.43584121 -7.27854299]
"((2.0, 2.0, 2.0, 2.0, None, 0.0, 0.0, 0.0, 2.0, None, 0.0, 4, 0.0, 2.0, None, 0.0, 1.0, 0.0, 2.0, None, 2.0, 2.0, 2.0, 2.0, None),)",[-20.5658726  -0.1171     -5.          0.       ]
"((0.0, 4, 0.0, 2.0, None, 0.0, 1.0, 0.0, 2.0, None, 0.0, 1.0, 1.0, 2.0, None, 2.0, 2.0, 2.0, 2.0, None, None, None, None, None, None),)",[-0.1 -1.   1.   0. ]
"((0.0, 0.0, 4, 2.0, None, 0.0, 1.0, 0.0, 2.0, None, 0.0, 1.0, 0.0, 2.0, None, 2.0, 2.0, 2.0, 2.0, None, None, None, None, None, None),)",[-5.   -1.    1.99  0.  ]
"((2.0, 2.0, 2.0, 2.0, None, 0.0, 0.0, 0.0, 2.0, None, 0.0, 1.0, 4, 2.0, None, 0.0, 1.0, 0.0, 2.0, None, 2.0, 2.0, 2.0, 2.0, None),)",[0. 0. 0. 0.]
"((2.0, 2.0, 2.0, 2.0, 2.0, 2.0, 0.0, 0.0, 0.0, 2.0, 2.0, 0.0, 0.0, 0.0, 2.0, 2.0, 0.0, 1.0, 4, 2.0, 2.0, 2.0, 2.0, 2.0, 2.0),)",[-1.13008928 -3.29        0.51934565 -5.09      ]
"((None, None, None, None, None, 2.0, 2.0, 2.0, 2.0, 2.0, 2.0, 0.0, 0.0, 0.0, 2.0, 2.0, 0.0, 0.0, 4, 2.0, 2.0, 0.0, 1.0, 1.0, 2.0),)",[-1.99       -5.46953279 -1.47258954 -5.4217031 ]
"((2.0, 2.0, 2.0, 2.0, 2.0, 2.0, 0.0, 0.0, 4, 2.0, 2.0, 0.0, 0.0, 0.0, 2.0, 2.0, 0.0, 1.0, 1.0, 2.0, 2.0, 2.0, 2.0, 2.0, 2.0),)",[-0.1       1.816775  0.        0.      ]
"((None, None, None, None, None, 2.0, 2.0, 2.0, 2.0, 2.0, 2.0, 0.0, 0.0, 4, 2.0, 2.0, 0.0, 0.0, 0.0, 2.0, 2.0, 0.0, 1.0, 1.0, 2.0),)",[ -5.       -0.1      -0.12439 -13.59059]
"((2.0, 0.0, 0.0, 0.0, 2.0, 2.0, 0.0, 1.0, 4, 2.0, 2.0, 0.0, 1.0, 0.0, 2.0, 2.0, 2.0, 2.0, 2.0, 2.0, None, None, None, None, None),)",[-1.88457768 -1.         -0.97073913 -5.        ]
"((2.0, 2.0, 2.0, 2.0, 2.0, 2.0, 0.0, 0.0, 0.0, 2.0, 2.0, 0.0, 1.0, 4, 2.0, 2.0, 0.0, 0.0, 0.0, 2.0, 2.0, 2.0, 2.0, 2.0, 2.0),)",[-18.77948024  48.86579255   0.           0.        ]
"((2.0, 2.0, 2.0, 2.0, 2.0, 2.0, 0.0, 0.0, 0.0, 2.0, 2.0, 0.0, 0.0, 0.0, 2.0, 2.0, 0.0, 4, 1.0, 2.0, 2.0, 2.0, 2.0, 2.0, 2.0),)",[ -0.1        -17.24288     -0.19747482 -44.55191408]
"((None, None, None, None, None, 2.0, 2.0, 2.0, 2.0, 2.0, 2.0, 0.0, 0.0, 0.0, 2.0, 2.0, 0.0, 0.0, 0.0, 2.0, 2.0, 0.0, 4, 1.0, 2.0),)",[-1.        -0.3439    -0.4700341 -0.352    ]
"((2.0, 2.0, 2.0, 2.0, 2.0, 2.0, 0.0, 0.0, 0.0, 2.0, 2.0, 0.0, 4, 0.0, 2.0, 2.0, 0.0, 1.0, 1.0, 2.0, 2.0, 2.0, 2.0, 2.0, 2.0),)",[0. 0. 0. 0.]
"((None, 2.0, 0.0, 4, 0.0, None, 2.0, 0.0, 0.0, 0.0, None, 2.0, 0.0, 1.0, 1.0, None, 2.0, 2.0, 2.0, 2.0, None, None, None, None, None),)",[-0.1        -1.         -0.75948993  0.85420216]
"((None, 2.0, 2.0, 2.0, 2.0, None, 2.0, 0.0, 4, 0.0, None, 2.0, 0.0, 0.0, 0.0, None, 2.0, 0.0, 1.0, 1.0, None, 2.0, 2.0, 2.0, 2.0),)",[-5.     -0.1171 -1.     -0.1   ]
"((None, None, None, None, None, None, 2.0, 2.0, 2.0, 2.0, None, 2.0, 4, 0.0, 0.0, None, 2.0, 0.0, 0.0, 0.0, None, 2.0, 0.0, 1.0, 1.0),)",[0. 0. 0. 0.]
"((0.0, 0.0, 0.0, 2.0, None, 0.0, 0.0, 0.0, 2.0, None, 0.0, 4, 0.0, 2.0, None, 2.0, 2.0, 2.0, 2.0, None, None, None, None, None, None),)",[-1.27500661 -5.9        -5.         -5.909     ]
"((2.0, 2.0, 2.0, 2.0, None, 0.0, 0.0, 0.0, 2.0, None, 0.0, 0.0, 0.0, 2.0, None, 0.0, 4, 0.0, 2.0, None, 2.0, 2.0, 2.0, 2.0, None),)",[-0.13393795 -5.44989434 -5.         -2.06192419]
"((None, None, None, None, None, 2.0, 2.0, 2.0, 2.0, 2.0, 2.0, 0.0, 0.0, 0.0, 2.0, 2.0, 0.0, 0.0, 4, 2.0, 2.0, 0.0, 1.0, 0.0, 2.0),)",[-1.         -4.04909739 -0.2791     -0.58481029]
"((2.0, 2.0, 2.0, 2.0, 2.0, 2.0, 0.0, 0.0, 4, 2.0, 2.0, 0.0, 0.0, 0.0, 2.0, 2.0, 0.0, 1.0, 0.0, 2.0, 2.0, 2.0, 2.0, 2.0, 2.0),)",[-0.1        5.2629419  0.         0.       ]
"((None, None, None, None, None, 2.0, 2.0, 2.0, 2.0, 2.0, 2.0, 0.0, 0.0, 4, 2.0, 2.0, 0.0, 0.0, 0.0, 2.0, 2.0, 0.0, 1.0, 0.0, 2.0),)",[-9.5    0.     0.    -5.009]
"((None, None, None, None, None, 2.0, 2.0, 2.0, 2.0, None, 0.0, 0.0, 0.0, 2.0, None, 0.0, 4, 1.0, 2.0, None, 0.0, 1.0, 1.0, 2.0, None),)",[-1.       1.30951  0.       0.     ]
"((2.0, 0.0, 0.0, 4, 2.0, 2.0, 0.0, 1.0, 0.0, 2.0, 2.0, 0.0, 1.0, 0.0, 2.0, 2.0, 2.0, 2.0, 2.0, 2.0, None, None, None, None, None),)",[30.88226006  0.         -0.1         0.        ]
"((2.0, 2.0, 2.0, 2.0, 2.0, 2.0, 0.0, 0.0, 4, 2.0, 2.0, 0.0, 1.0, 0.0, 2.0, 2.0, 0.0, 0.0, 0.0, 2.0, 2.0, 2.0, 2.0, 2.0, 2.0),)",[0. 0. 0. 0.]
"((None, None, None, None, None, 2.0, 2.0, 2.0, 2.0, 2.0, 2.0, 0.0, 4, 0.0, 2.0, 2.0, 0.0, 0.0, 0.0, 2.0, 2.0, 0.0, 0.0, 0.0, 2.0),)",[0. 0. 0. 0.]
"((None, None, None, None, None, 2.0, 2.0, 2.0, 2.0, None, 4, 0.0, 0.0, 2.0, None, 0.0, 0.0, 0.0, 2.0, None, 0.0, 1.0, 1.0, 2.0, None),)",[-1.         -0.01415146 -5.         -1.        ]
"((2.0, 2.0, 2.0, 2.0, None, 0.0, 4, 0.0, 2.0, None, 0.0, 0.0, 0.0, 2.0, None, 0.0, 1.0, 1.0, 2.0, None, 2.0, 2.0, 2.0, 2.0, None),)",[-0.1        4.8984799  0.         0.       ]
"((None, None, None, None, None, 2.0, 2.0, 2.0, 2.0, None, 0.0, 4, 0.0, 2.0, None, 0.0, 0.0, 0.0, 2.0, None, 0.0, 1.0, 1.0, 2.0, None),)",[-5.          0.26587463 -5.         -5.909     ]
"((2.0, 0.0, 0.0, 0.0, 2.0, 2.0, 0.0, 4, 0.0, 2.0, 2.0, 0.0, 1.0, 0.0, 2.0, 2.0, 2.0, 2.0, 2.0, 2.0, None, None, None, None, None),)",[  0.           0.         -47.83474018   0.        ]
"((2.0, 0.0, 0.0, 0.0, 2.0, 2.0, 0.0, 0.0, 4, 2.0, 2.0, 0.0, 1.0, 0.0, 2.0, 2.0, 2.0, 2.0, 2.0, 2.0, None, None, None, None, None),)",[18.98839622  0.          0.          0.        ]
"((2.0, 2.0, 2.0, 2.0, 2.0, 2.0, 0.0, 0.0, 0.0, 2.0, 2.0, 0.0, 0.0, 4, 2.0, 2.0, 0.0, 0.0, 0.0, 2.0, 2.0, 2.0, 2.0, 2.0, 2.0),)",[-14.00013625   0.           0.           0.        ]
"((None, None, None, None, None, None, 2.0, 2.0, 2.0, 2.0, None, 2.0, 0.0, 0.0, 0.0, None, 2.0, 0.0, 4, 1.0, None, 2.0, 0.0, 1.0, 1.0),)",[-1.         -0.99998064 -1.         -5.        ]
"((None, 2.0, 0.0, 4, 0.0, None, 2.0, 0.0, 1.0, 1.0, None, 2.0, 0.0, 1.0, 1.0, None, 2.0, 2.0, 2.0, 2.0, None, None, None, None, None),)",[-0.1  0.   0.   0. ]
"((None, 2.0, 2.0, 2.0, 2.0, None, 2.0, 4, 0.0, 0.0, None, 2.0, 0.0, 1.0, 1.0, None, 2.0, 0.0, 1.0, 1.0, None, 2.0, 2.0, 2.0, 2.0),)",[-5.  0.  0.  0.]
"((None, None, None, None, None, None, 2.0, 2.0, 2.0, 2.0, None, 2.0, 4, 0.0, 0.0, None, 2.0, 0.0, 1.0, 1.0, None, 2.0, 0.0, 1.0, 1.0),)",[0. 0. 0. 0.]
"((2.0, 2.0, 2.0, 2.0, None, 4, 0.0, 0.0, 2.0, None, 0.0, 0.0, 0.0, 2.0, None, 0.0, 1.0, 1.0, 2.0, None, 2.0, 2.0, 2.0, 2.0, None),)",[-0.1        58.46054365  0.          0.        ]
"((None, None, None, None, None, 2.0, 2.0, 2.0, 2.0, 2.0, 2.0, 0.0, 4, 0.0, 2.0, 2.0, 0.0, 0.0, 0.0, 2.0, 2.0, 0.0, 1.0, 1.0, 2.0),)",[0. 0. 0. 0.]
"((2.0, 0.0, 0.0, 0.0, 2.0, 2.0, 0.0, 0.0, 4, 2.0, 2.0, 0.0, 1.0, 1.0, 2.0, 2.0, 2.0, 2.0, 2.0, 2.0, None, None, None, None, None),)",[-5.09       -1.9        -1.74415441 -4.1       ]
"((2.0, 2.0, 2.0, 2.0, 2.0, 2.0, 0.0, 0.0, 0.0, 2.0, 2.0, 0.0, 0.0, 4, 2.0, 2.0, 0.0, 0.0, 1.0, 2.0, 2.0, 2.0, 2.0, 2.0, 2.0),)",[-5.    -5.099 -0.1   -5.   ]
"((2.0, 0.0, 0.0, 0.0, 2.0, 2.0, 0.0, 0.0, 4, 2.0, 2.0, 0.0, 0.0, 1.0, 2.0, 2.0, 2.0, 2.0, 2.0, 2.0, None, None, None, None, None),)",[-0.1        -1.         -0.14695328  0.        ]
"((2.0, 2.0, 2.0, 2.0, 2.0, 2.0, 0.0, 0.0, 0.0, 2.0, 2.0, 0.0, 0.0, 0.0, 2.0, 2.0, 0.0, 0.0, 4, 2.0, 2.0, 2.0, 2.0, 2.0, 2.0),)",[-0.36829    -5.         -0.49930199 -5.        ]
"((None, 2.0, 2.0, 2.0, 2.0, None, 2.0, 0.0, 0.0, 0.0, None, 2.0, 0.0, 0.0, 0.0, None, 2.0, 0.0, 0.0, 4, None, 2.0, 2.0, 2.0, 2.0),)",[-0.1 -0.1  0.   0. ]
"((None, None, None, None, None, None, 2.0, 2.0, 2.0, 2.0, None, 2.0, 0.0, 0.0, 0.0, None, 2.0, 0.0, 0.0, 0.0, None, 2.0, 0.0, 4, 1.0),)",[-2.061537   -1.37494997 -1.931761   -1.43162434]
"((None, 2.0, 2.0, 2.0, 2.0, None, 2.0, 0.0, 0.0, 0.0, None, 2.0, 0.0, 4, 0.0, None, 2.0, 0.0, 0.0, 1.0, None, 2.0, 2.0, 2.0, 2.0),)",[-0.1        -5.37004906  0.          0.        ]
"((None, None, None, None, None, None, 2.0, 2.0, 2.0, 2.0, None, 2.0, 0.0, 0.0, 0.0, None, 2.0, 0.0, 4, 0.0, None, 2.0, 0.0, 0.0, 1.0),)",[-1.  -0.1  0.   0. ]
"((None, None, None, None, None, None, 2.0, 2.0, 2.0, 2.0, None, 2.0, 0.0, 4, 0.0, None, 2.0, 0.0, 0.0, 0.0, None, 2.0, 0.0, 0.0, 1.0),)",[-10.31   0.     0.     0.  ]
"((None, 2.0, 2.0, 2.0, 2.0, None, 2.0, 0.0, 0.0, 0.0, None, 2.0, 0.0, 0.0, 0.0, None, 2.0, 0.0, 4, 1.0, None, 2.0, 2.0, 2.0, 2.0),)",[-1.50093201 -5.58029796 -1.99       -5.8282102 ]
"((None, None, None, None, None, None, 2.0, 2.0, 2.0, 2.0, None, 2.0, 0.0, 0.0, 0.0, None, 2.0, 0.0, 0.0, 0.0, None, 2.0, 4, 1.0, 1.0),)",[-1.      -5.      -1.      -0.42661]
"((None, 2.0, 2.0, 2.0, 2.0, None, 2.0, 0.0, 0.0, 0.0, None, 2.0, 4, 0.0, 0.0, None, 2.0, 0.0, 1.0, 1.0, None, 2.0, 2.0, 2.0, 2.0),)",[0. 0. 0. 0.]
"((2.0, 2.0, 2.0, 2.0, 2.0, 2.0, 0.0, 0.0, 0.0, 2.0, 2.0, 0.0, 0.0, 4, 2.0, 2.0, 0.0, 1.0, 1.0, 2.0, 2.0, 2.0, 2.0, 2.0, 2.0),)",[ -0.19950378 -23.56267496   0.           0.        ]
"((2.0, 2.0, 2.0, 2.0, 2.0, 2.0, 0.0, 1.0, 1.0, 2.0, 2.0, 0.0, 1.0, 1.0, 2.0, 2.0, 1.0, 4, 1.0, 2.0, 2.0, 2.0, 2.0, 2.0, 2.0),)",[1. 0. 0. 0.]
"((None, None, None, None, None, 2.0, 2.0, 2.0, 2.0, 2.0, 2.0, 0.0, 1.0, 1.0, 2.0, 2.0, 0.0, 0.0, 4, 2.0, 2.0, 1.0, 1.0, 1.0, 2.0),)",[-1.  0.  0.  0.]
"((None, None, None, None, None, 2.0, 2.0, 2.0, 2.0, 2.0, 2.0, 0.0, 0.0, 1.0, 2.0, 2.0, 0.0, 0.0, 4, 2.0, 2.0, 1.0, 1.0, 1.0, 2.0),)",[-1.  0.  0.  0.]
"((None, None, None, None, None, 2.0, 2.0, 2.0, 2.0, 2.0, 2.0, 0.0, 0.0, 4, 2.0, 2.0, 0.0, 0.0, 1.0, 2.0, 2.0, 1.0, 1.0, 1.0, 2.0),)",[-5.9  0.   0.   0. ]
"((2.0, 2.0, 2.0, 2.0, 2.0, 2.0, 0.0, 0.0, 1.0, 2.0, 2.0, 1.0, 1.0, 4, 2.0, 2.0, 1.0, 1.0, 1.0, 2.0, 2.0, 2.0, 2.0, 2.0, 2.0),)",[-0.1  1.   0.   0. ]
"((None, None, None, None, None, 2.0, 2.0, 2.0, 2.0, 2.0, 2.0, 0.0, 0.0, 1.0, 2.0, 2.0, 1.0, 0.0, 4, 2.0, 2.0, 1.0, 1.0, 1.0, 2.0),)",[-1.  0.  0.  0.]
"((2.0, 0.0, 0.0, 0.0, 2.0, 2.0, 0.0, 0.0, 0.0, 2.0, 2.0, 0.0, 4, 0.0, 2.0, 2.0, 2.0, 2.0, 2.0, 2.0, None, None, None, None, None),)",[0. 0. 0. 0.]
"((None, None, None, None, None, 2.0, 2.0, 2.0, 2.0, None, 0.0, 0.0, 4, 2.0, None, 0.0, 1.0, 1.0, 2.0, None, 0.0, 1.0, 1.0, 2.0, None),)",[0. 0. 0. 0.]
"((2.0, 0.0, 0.0, 0.0, 2.0, 2.0, 0.0, 0.0, 0.0, 2.0, 2.0, 0.0, 4, 1.0, 2.0, 2.0, 2.0, 2.0, 2.0, 2.0, None, None, None, None, None),)",[0. 0. 0. 0.]
"((None, 2.0, 0.0, 0.0, 0.0, None, 2.0, 0.0, 0.0, 0.0, None, 2.0, 0.0, 4, 1.0, None, 2.0, 2.0, 2.0, 2.0, None, None, None, None, None),)",[ -0.9352897  -30.83549287  -5.9         -5.        ]
"((4, 0.0, 0.0, 2.0, None, 0.0, 0.0, 0.0, 2.0, None, 0.0, 1.0, 1.0, 2.0, None, 2.0, 2.0, 2.0, 2.0, None, None, None, None, None, None),)",[-0.1        -1.         53.97719069  0.        ]
"((2.0, 2.0, 2.0, 2.0, None, 0.0, 0.0, 0.0, 2.0, None, 4, 0.0, 0.0, 2.0, None, 0.0, 1.0, 0.0, 2.0, None, 2.0, 2.0, 2.0, 2.0, None),)",[-0.1  0.   0.   0. ]
"((None, None, None, None, None, 2.0, 2.0, 2.0, 2.0, None, 0.0, 0.0, 0.0, 2.0, None, 4, 0.0, 0.0, 2.0, None, 0.0, 1.0, 0.0, 2.0, None),)",[-1.  0.  0.  0.]
"((None, None, None, None, None, 2.0, 2.0, 2.0, 2.0, None, 4, 0.0, 0.0, 2.0, None, 0.0, 0.0, 0.0, 2.0, None, 0.0, 1.0, 0.0, 2.0, None),)",[-1.  -0.1  0.   0. ]
"((2.0, 2.0, 2.0, 2.0, None, 0.0, 4, 0.0, 2.0, None, 0.0, 0.0, 0.0, 2.0, None, 0.0, 1.0, 0.0, 2.0, None, 2.0, 2.0, 2.0, 2.0, None),)",[-0.1 -0.1 -0.1 -1. ]
"((None, None, None, None, None, 2.0, 2.0, 2.0, 2.0, None, 0.0, 4, 0.0, 2.0, None, 0.0, 0.0, 0.0, 2.0, None, 0.0, 1.0, 0.0, 2.0, None),)",[-5.    -0.1   -5.    -5.909]
"((2.0, 0.0, 0.0, 0.0, 2.0, 2.0, 0.0, 0.0, 4, 2.0, 2.0, 0.0, 0.0, 0.0, 2.0, 2.0, 2.0, 2.0, 2.0, 2.0, None, None, None, None, None),)",[0. 0. 0. 0.]
"((2.0, 2.0, 2.0, 2.0, 2.0, 2.0, 0.0, 1.0, 1.0, 2.0, 2.0, 0.0, 1.0, 1.0, 2.0, 2.0, 0.0, 4, 1.0, 2.0, 2.0, 2.0, 2.0, 2.0, 2.0),)",[ 0.          0.          0.         -6.25267704]
"((None, 2.0, 2.0, 2.0, 2.0, None, 2.0, 0.0, 0.0, 4, None, 2.0, 0.0, 1.0, 1.0, None, 2.0, 0.0, 1.0, 1.0, None, 2.0, 2.0, 2.0, 2.0),)",[-0.1        -0.1        -1.         23.84201412]
"((None, None, None, None, None, None, 2.0, 2.0, 2.0, 2.0, None, 2.0, 0.0, 0.0, 0.0, None, 2.0, 0.0, 1.0, 4, None, 2.0, 0.0, 1.0, 1.0),)",[-1.    -0.1   -1.009  0.   ]
"((None, 2.0, 0.0, 0.0, 4, None, 2.0, 0.0, 1.0, 1.0, None, 2.0, 0.0, 1.0, 1.0, None, 2.0, 2.0, 2.0, 2.0, None, None, None, None, None),)",[-0.1  0.   0.   0. ]
"((None, 2.0, 2.0, 2.0, 2.0, None, 2.0, 0.0, 0.0, 0.0, None, 2.0, 0.0, 1.0, 4, None, 2.0, 0.0, 1.0, 1.0, None, 2.0, 2.0, 2.0, 2.0),)",[-0.1  0.   0.   0. ]
"((None, 2.0, 2.0, 2.0, 2.0, None, 2.0, 0.0, 0.0, 0.0, None, 2.0, 0.0, 4, 1.0, None, 2.0, 0.0, 1.0, 1.0, None, 2.0, 2.0, 2.0, 2.0),)",[  0.         -50.89872715   0.           0.        ]
"((2.0, 2.0, 2.0, 2.0, 2.0, 2.0, 0.0, 4, 0.0, 2.0, 2.0, 0.0, 1.0, 0.0, 2.0, 2.0, 0.0, 0.0, 0.0, 2.0, 2.0, 2.0, 2.0, 2.0, 2.0),)",[0. 0. 0. 0.]
"((None, None, None, None, None, 2.0, 2.0, 2.0, 2.0, 2.0, 2.0, 4, 0.0, 0.0, 2.0, 2.0, 0.0, 0.0, 0.0, 2.0, 2.0, 0.0, 1.0, 1.0, 2.0),)",[-10.31   0.     0.     0.  ]
"((0.0, 4, 0.0, 2.0, None, 0.0, 0.0, 0.0, 2.0, None, 0.0, 1.0, 0.0, 2.0, None, 2.0, 2.0, 2.0, 2.0, None, None, None, None, None, None),)",[-0.1  0.   0.   0. ]
"((0.0, 0.0, 0.0, 2.0, None, 0.0, 4, 0.0, 2.0, None, 0.0, 1.0, 0.0, 2.0, None, 2.0, 2.0, 2.0, 2.0, None, None, None, None, None, None),)",[-9.85127856 -7.73731883 -7.67305226 -6.58088116]
"((0.0, 0.0, 0.0, 2.0, None, 0.0, 0.0, 4, 2.0, None, 0.0, 1.0, 0.0, 2.0, None, 2.0, 2.0, 2.0, 2.0, None, None, None, None, None, None),)",[-5.         -5.9        29.99432298  0.        ]
"((2.0, 2.0, 2.0, 2.0, None, 0.0, 0.0, 0.0, 2.0, None, 0.0, 0.0, 4, 2.0, None, 0.0, 1.0, 0.0, 2.0, None, 2.0, 2.0, 2.0, 2.0, None),)",[0. 0. 0. 0.]
"((2.0, 2.0, 2.0, 2.0, None, 0.0, 0.0, 0.0, 2.0, None, 0.0, 0.0, 0.0, 2.0, None, 0.0, 4, 1.0, 2.0, None, 2.0, 2.0, 2.0, 2.0, None),)",[-0.1    0.829  0.     0.   ]
"((None, None, None, None, None, 2.0, 2.0, 2.0, 2.0, None, 0.0, 0.0, 0.0, 2.0, None, 0.0, 0.0, 0.0, 2.0, None, 0.0, 4, 1.0, 2.0, None),)",[-1.0171     -0.32296471 -0.3342619  -1.06833709]
"((2.0, 2.0, 2.0, 2.0, 2.0, 2.0, 0.0, 0.0, 0.0, 2.0, 2.0, 0.0, 4, 0.0, 2.0, 2.0, 0.0, 0.0, 0.0, 2.0, 2.0, 2.0, 2.0, 2.0, 2.0),)",[0. 0. 0. 0.]
"((2.0, 0.0, 0.0, 0.0, 2.0, 2.0, 4, 0.0, 0.0, 2.0, 2.0, 0.0, 1.0, 0.0, 2.0, 2.0, 2.0, 2.0, 2.0, 2.0, None, None, None, None, None),)",[48.92867666  0.          0.          0.        ]
"((2.0, 2.0, 2.0, 2.0, 2.0, 2.0, 0.0, 0.0, 0.0, 2.0, 2.0, 4, 0.0, 0.0, 2.0, 2.0, 0.0, 0.0, 0.0, 2.0, 2.0, 2.0, 2.0, 2.0, 2.0),)",[-6.28939632  0.          0.          0.        ]
"((0.0, 0.0, 4, 2.0, None, 0.0, 0.0, 0.0, 2.0, None, 0.0, 1.0, 1.0, 2.0, None, 2.0, 2.0, 2.0, 2.0, None, None, None, None, None, None),)",[-0.1 -1.   0.   0. ]
"((2.0, 2.0, 2.0, 2.0, None, 0.0, 0.0, 4, 2.0, None, 0.0, 0.0, 0.0, 2.0, None, 0.0, 1.0, 0.0, 2.0, None, 2.0, 2.0, 2.0, 2.0, None),)",[-5.      -0.1      0.11069  0.     ]
"((2.0, 0.0, 4, 0.0, 2.0, 2.0, 0.0, 0.0, 0.0, 2.0, 2.0, 0.0, 1.0, 0.0, 2.0, 2.0, 2.0, 2.0, 2.0, 2.0, None, None, None, None, None),)",[48.9422281  0.         0.         0.       ]
"((2.0, 2.0, 2.0, 2.0, 2.0, 2.0, 0.0, 4, 0.0, 2.0, 2.0, 0.0, 0.0, 0.0, 2.0, 2.0, 0.0, 0.0, 0.0, 2.0, 2.0, 2.0, 2.0, 2.0, 2.0),)",[-6.22580996  0.          0.          0.        ]
"((None, 2.0, 0.0, 0.0, 1.0, None, 2.0, 0.0, 4, 1.0, None, 2.0, 1.0, 1.0, 1.0, None, 2.0, 2.0, 2.0, 2.0, None, None, None, None, None),)",[-0.1  0.   0.   0. ]
"((None, 2.0, 2.0, 2.0, 2.0, None, 2.0, 0.0, 0.0, 1.0, None, 2.0, 0.0, 4, 1.0, None, 2.0, 0.0, 1.0, 1.0, None, 2.0, 2.0, 2.0, 2.0),)",[-5.  0.  0.  0.]
"((2.0, 0.0, 0.0, 1.0, 2.0, 2.0, 1.0, 0.0, 4, 2.0, 2.0, 1.0, 1.0, 1.0, 2.0, 2.0, 2.0, 2.0, 2.0, 2.0, None, None, None, None, None),)",[-0.1  0.   0.   0. ]
"((2.0, 2.0, 2.0, 2.0, 2.0, 2.0, 0.0, 0.0, 1.0, 2.0, 2.0, 1.0, 0.0, 1.0, 2.0, 2.0, 1.0, 0.0, 4, 2.0, 2.0, 2.0, 2.0, 2.0, 2.0),)",[-0.1  0.   0.   0. ]
"((None, None, None, None, None, 2.0, 2.0, 2.0, 2.0, 2.0, 2.0, 0.0, 0.0, 1.0, 2.0, 2.0, 1.0, 0.0, 1.0, 2.0, 2.0, 1.0, 0.0, 4, 2.0),)",[-1.  0.  0.  0.]
"((None, None, None, None, None, 2.0, 2.0, 2.0, 2.0, 2.0, 2.0, 0.0, 0.0, 1.0, 2.0, 2.0, 1.0, 0.0, 1.0, 2.0, 2.0, 1.0, 4, 1.0, 2.0),)",[-1. -5.  0.  0.]
"((2.0, 2.0, 2.0, 2.0, 2.0, 2.0, 0.0, 0.0, 1.0, 2.0, 2.0, 1.0, 4, 1.0, 2.0, 2.0, 1.0, 0.0, 1.0, 2.0, 2.0, 2.0, 2.0, 2.0, 2.0),)",[0. 0. 0. 0.]
"((2.0, 2.0, 2.0, 2.0, 2.0, 2.0, 0.0, 0.0, 0.0, 2.0, 2.0, 0.0, 0.0, 0.0, 2.0, 2.0, 4, 1.0, 1.0, 2.0, 2.0, 2.0, 2.0, 2.0, 2.0),)",[-0.1  1.9  0.   0. ]
"((None, None, None, None, None, 2.0, 2.0, 2.0, 2.0, 2.0, 2.0, 0.0, 0.0, 0.0, 2.0, 2.0, 0.0, 0.0, 0.0, 2.0, 2.0, 4, 1.0, 1.0, 2.0),)",[-1.    -0.19  -0.109 -0.19 ]
"((2.0, 0.0, 0.0, 0.0, 2.0, 2.0, 4, 0.0, 0.0, 2.0, 2.0, 0.0, 1.0, 1.0, 2.0, 2.0, 2.0, 2.0, 2.0, 2.0, None, None, None, None, None),)",[-0.1 -1.  -0.1  0. ]
"((2.0, 2.0, 2.0, 2.0, 2.0, 2.0, 0.0, 0.0, 0.0, 2.0, 2.0, 4, 0.0, 0.0, 2.0, 2.0, 0.0, 0.0, 1.0, 2.0, 2.0, 2.0, 2.0, 2.0, 2.0),)",[-5.  0.  0.  0.]
"((2.0, 2.0, 2.0, 2.0, 2.0, 2.0, 0.0, 0.0, 1.0, 2.0, 2.0, 4, 1.0, 1.0, 2.0, 2.0, 0.0, 1.0, 1.0, 2.0, 2.0, 2.0, 2.0, 2.0, 2.0),)",[-0.1   2.71  0.    0.  ]
"((None, None, None, None, None, None, 2.0, 2.0, 2.0, 2.0, None, 2.0, 4, 0.0, 1.0, None, 2.0, 0.0, 0.0, 1.0, None, 2.0, 0.0, 1.0, 1.0),)",[0. 0. 0. 0.]
"((2.0, 0.0, 0.0, 0.0, 2.0, 2.0, 0.0, 1.0, 0.0, 2.0, 2.0, 0.0, 4, 0.0, 2.0, 2.0, 2.0, 2.0, 2.0, 2.0, None, None, None, None, None),)",[0. 0. 0. 0.]
"((0.0, 0.0, 0.0, 2.0, None, 0.0, 1.0, 0.0, 2.0, None, 0.0, 4, 0.0, 2.0, None, 2.0, 2.0, 2.0, 2.0, None, None, None, None, None, None),)",[-1.55557334 -5.         -5.         -5.909     ]
"((2.0, 2.0, 2.0, 2.0, None, 0.0, 0.0, 0.0, 2.0, None, 0.0, 1.0, 0.0, 2.0, None, 0.0, 4, 0.0, 2.0, None, 2.0, 2.0, 2.0, 2.0, None),)",[-1.47003657 -5.09       -5.0844011  -1.9       ]
"((None, None, None, None, None, 2.0, 2.0, 2.0, 2.0, None, 0.0, 0.0, 0.0, 2.0, None, 0.0, 1.0, 0.0, 2.0, None, 0.0, 1.0, 4, 2.0, None),)",[-1.         -5.          1.03239758 -1.        ]
"((2.0, 2.0, 2.0, 2.0, 2.0, 2.0, 0.0, 4, 0.0, 2.0, 2.0, 0.0, 1.0, 1.0, 2.0, 2.0, 0.0, 1.0, 1.0, 2.0, 2.0, 2.0, 2.0, 2.0, 2.0),)",[-5.         24.57852918  0.          0.        ]
"((None, None, None, None, None, 2.0, 2.0, 2.0, 2.0, 2.0, 2.0, 0.0, 4, 0.0, 2.0, 2.0, 0.0, 0.0, 1.0, 2.0, 2.0, 0.0, 1.0, 1.0, 2.0),)",[0. 0. 0. 0.]
"((2.0, 2.0, 2.0, 2.0, 2.0, 2.0, 0.0, 0.0, 0.0, 2.0, 2.0, 0.0, 1.0, 4, 2.0, 2.0, 0.0, 1.0, 1.0, 2.0, 2.0, 2.0, 2.0, 2.0, 2.0),)",[-0.1171      8.51278843  0.          0.        ]
"((None, 2.0, 0.0, 0.0, 0.0, None, 2.0, 0.0, 0.0, 1.0, None, 2.0, 0.0, 0.0, 4, None, 2.0, 2.0, 2.0, 2.0, None, None, None, None, None),)",[-0.90374028 -1.         -1.         -0.91137062]
"((None, 2.0, 2.0, 2.0, 2.0, None, 2.0, 0.0, 0.0, 0.0, None, 2.0, 0.0, 0.0, 1.0, None, 2.0, 0.0, 0.0, 4, None, 2.0, 2.0, 2.0, 2.0),)",[-0.3529  -0.3529  -1.      -0.40951]
"((None, None, None, None, None, None, 2.0, 2.0, 2.0, 2.0, None, 2.0, 0.0, 0.0, 0.0, None, 2.0, 0.0, 0.0, 4, None, 2.0, 0.0, 0.0, 1.0),)",[-1.   -0.19 -1.   -0.19]
"((None, 2.0, 2.0, 2.0, 2.0, None, 2.0, 0.0, 0.0, 4, None, 2.0, 0.0, 0.0, 1.0, None, 2.0, 0.0, 0.0, 1.0, None, 2.0, 2.0, 2.0, 2.0),)",[-0.1  0.   0.   0. ]
"((None, None, None, None, None, None, 2.0, 2.0, 2.0, 2.0, None, 2.0, 0.0, 0.0, 4, None, 2.0, 0.0, 0.0, 1.0, None, 2.0, 0.0, 0.0, 1.0),)",[-1.  0.  0.  0.]
"((None, None, None, None, None, None, 2.0, 2.0, 2.0, 2.0, None, 2.0, 0.0, 4, 0.0, None, 2.0, 0.0, 0.0, 1.0, None, 2.0, 0.0, 0.0, 1.0),)",[-10.31   0.     0.     0.  ]
"((None, 2.0, 2.0, 2.0, 2.0, None, 2.0, 0.0, 0.0, 0.0, None, 2.0, 0.0, 0.0, 4, None, 2.0, 0.0, 1.0, 1.0, None, 2.0, 2.0, 2.0, 2.0),)",[-0.45068425  6.59225646 -1.         -5.        ]
"((None, 2.0, 2.0, 2.0, 2.0, None, 2.0, 0.0, 0.0, 0.0, None, 2.0, 0.0, 4, 0.0, None, 2.0, 0.0, 1.0, 1.0, None, 2.0, 2.0, 2.0, 2.0),)",[ -4.30482455 -24.01995232  -5.9         -9.5       ]
"((None, None, None, None, None, None, 2.0, 2.0, 2.0, 2.0, None, 2.0, 0.0, 0.0, 0.0, None, 2.0, 0.0, 4, 0.0, None, 2.0, 0.0, 1.0, 1.0),)",[-1.909      -2.10280418 -1.9        -5.        ]
"((None, 2.0, 0.0, 0.0, 0.0, None, 2.0, 0.0, 4, 0.0, None, 2.0, 0.0, 1.0, 1.0, None, 2.0, 2.0, 2.0, 2.0, None, None, None, None, None),)",[-0.1        -1.         -1.          3.31442314]
"((2.0, 0.0, 4, 0.0, 2.0, 2.0, 0.0, 0.0, 1.0, 2.0, 2.0, 0.0, 1.0, 1.0, 2.0, 2.0, 2.0, 2.0, 2.0, 2.0, None, None, None, None, None),)",[-5.         -1.         -0.1        18.18705144]
"((2.0, 2.0, 2.0, 2.0, 2.0, 2.0, 0.0, 0.0, 0.0, 2.0, 2.0, 0.0, 4, 1.0, 2.0, 2.0, 0.0, 0.0, 1.0, 2.0, 2.0, 2.0, 2.0, 2.0, 2.0),)",[0. 0. 0. 0.]
"((2.0, 2.0, 2.0, 2.0, 2.0, 2.0, 0.0, 0.0, 0.0, 2.0, 2.0, 0.0, 4, 0.0, 2.0, 2.0, 0.0, 1.0, 0.0, 2.0, 2.0, 2.0, 2.0, 2.0, 2.0),)",[0. 0. 0. 0.]
"((0.0, 0.0, 0.0, 2.0, None, 0.0, 4, 1.0, 2.0, None, 0.0, 0.0, 1.0, 2.0, None, 2.0, 2.0, 2.0, 2.0, None, None, None, None, None, None),)",[9.86697205 0.         0.         0.        ]
"((2.0, 2.0, 2.0, 2.0, None, 0.0, 0.0, 0.0, 2.0, None, 0.0, 4, 1.0, 2.0, None, 0.0, 0.0, 0.0, 2.0, None, 2.0, 2.0, 2.0, 2.0, None),)",[-40.94545854   0.           0.           0.        ]
"((None, 2.0, 0.0, 0.0, 0.0, None, 2.0, 0.0, 0.0, 4, None, 2.0, 0.0, 1.0, 1.0, None, 2.0, 2.0, 2.0, 2.0, None, None, None, None, None),)",[-0.1        -0.91       -1.          9.06303019]
"((None, 2.0, 2.0, 2.0, 2.0, None, 2.0, 0.0, 0.0, 0.0, None, 2.0, 0.0, 0.0, 0.0, None, 2.0, 0.0, 1.0, 4, None, 2.0, 2.0, 2.0, 2.0),)",[-0.1 -0.1  0.   0. ]
"((None, None, None, None, None, 2.0, 2.0, 2.0, 2.0, 2.0, 2.0, 0.0, 0.0, 0.0, 2.0, 2.0, 4, 0.0, 0.0, 2.0, 2.0, 0.0, 1.0, 1.0, 2.0),)",[-1.  -5.  -0.1 -0.1]
"((0.0, 0.0, 0.0, 2.0, None, 0.0, 0.0, 1.0, 2.0, None, 0.0, 0.0, 4, 2.0, None, 2.0, 2.0, 2.0, 2.0, None, None, None, None, None, None),)",[0. 0. 0. 0.]
"((2.0, 0.0, 0.0, 0.0, 2.0, 2.0, 0.0, 4, 1.0, 2.0, 2.0, 0.0, 0.0, 1.0, 2.0, 2.0, 2.0, 2.0, 2.0, 2.0, None, None, None, None, None),)",[ -5.          -5.9          0.         -45.69253147]
"((2.0, 2.0, 2.0, 2.0, 2.0, 2.0, 0.0, 0.0, 1.0, 2.0, 2.0, 0.0, 1.0, 1.0, 2.0, 2.0, 0.0, 4, 1.0, 2.0, 2.0, 2.0, 2.0, 2.0, 2.0),)",[-0.1  0.   0.   0. ]
"((None, None, None, None, None, 2.0, 2.0, 2.0, 2.0, 2.0, 2.0, 0.0, 0.0, 1.0, 2.0, 2.0, 0.0, 0.0, 1.0, 2.0, 2.0, 0.0, 4, 1.0, 2.0),)",[-1.  -0.1  0.   0. ]
"((None, None, None, None, None, 2.0, 2.0, 2.0, 2.0, 2.0, 2.0, 0.0, 0.0, 1.0, 2.0, 2.0, 0.0, 4, 1.0, 2.0, 2.0, 0.0, 1.0, 1.0, 2.0),)",[-5.9  0.   0.   0. ]
"((None, None, None, None, None, None, 2.0, 2.0, 2.0, 2.0, None, 2.0, 0.0, 0.0, 0.0, None, 2.0, 4, 0.0, 0.0, None, 2.0, 0.0, 1.0, 1.0),)",[-5.9  0.  -5.   0. ]
"((2.0, 0.0, 0.0, 1.0, 2.0, 2.0, 4, 0.0, 1.0, 2.0, 2.0, 0.0, 1.0, 1.0, 2.0, 2.0, 2.0, 2.0, 2.0, 2.0, None, None, None, None, None),)",[-0.1 -1.  -0.1  0. ]
"((2.0, 2.0, 2.0, 2.0, 2.0, 2.0, 0.0, 0.0, 1.0, 2.0, 2.0, 0.0, 0.0, 1.0, 2.0, 2.0, 4, 0.0, 1.0, 2.0, 2.0, 2.0, 2.0, 2.0, 2.0),)",[-0.1  0.   0.   0. ]
"((None, None, None, None, None, 2.0, 2.0, 2.0, 2.0, 2.0, 2.0, 0.0, 0.0, 1.0, 2.0, 2.0, 0.0, 0.0, 1.0, 2.0, 2.0, 4, 0.0, 1.0, 2.0),)",[-1.  0.  0.  0.]
"((2.0, 2.0, 2.0, 2.0, 2.0, 2.0, 0.0, 0.0, 1.0, 2.0, 2.0, 0.0, 0.0, 1.0, 2.0, 2.0, 0.0, 4, 1.0, 2.0, 2.0, 2.0, 2.0, 2.0, 2.0),)",[ 0. -5.  0.  0.]
"((None, 2.0, 0.0, 0.0, 0.0, None, 2.0, 0.0, 0.0, 1.0, None, 2.0, 0.0, 4, 1.0, None, 2.0, 2.0, 2.0, 2.0, None, None, None, None, None),)",[-0.1 -5.9  0.   0. ]
"((None, 2.0, 2.0, 2.0, 2.0, None, 2.0, 0.0, 0.0, 0.0, None, 2.0, 0.0, 0.0, 1.0, None, 2.0, 0.0, 4, 1.0, None, 2.0, 2.0, 2.0, 2.0),)",[-0.1  0.   0.   0. ]
"((None, None, None, None, None, None, 2.0, 2.0, 2.0, 2.0, None, 2.0, 0.0, 0.0, 0.0, None, 2.0, 0.0, 4, 1.0, None, 2.0, 0.0, 0.0, 1.0),)",[-1.   -0.19 -1.   -5.  ]
"((None, 2.0, 2.0, 2.0, 2.0, None, 2.0, 0.0, 4, 0.0, None, 2.0, 0.0, 0.0, 1.0, None, 2.0, 0.0, 0.0, 1.0, None, 2.0, 2.0, 2.0, 2.0),)",[-0.1  0.   0.   0. ]
"((None, 2.0, 0.0, 0.0, 0.0, None, 2.0, 0.0, 4, 1.0, None, 2.0, 0.0, 0.0, 1.0, None, 2.0, 2.0, 2.0, 2.0, None, None, None, None, None),)",[-5.09       -1.         -1.         -0.90152291]
"((None, 2.0, 2.0, 2.0, 2.0, None, 2.0, 0.0, 0.0, 0.0, None, 2.0, 0.0, 4, 1.0, None, 2.0, 0.0, 0.0, 1.0, None, 2.0, 2.0, 2.0, 2.0),)",[-5.     -5.1152 -5.9     0.    ]
"((None, 2.0, 0.0, 0.0, 0.0, None, 2.0, 4, 0.0, 0.0, None, 2.0, 0.0, 1.0, 1.0, None, 2.0, 2.0, 2.0, 2.0, None, None, None, None, None),)",[-5.  0.  0.  0.]
"((2.0, 0.0, 0.0, 0.0, 2.0, 2.0, 0.0, 0.0, 1.0, 2.0, 2.0, 0.0, 0.0, 4, 2.0, 2.0, 2.0, 2.0, 2.0, 2.0, None, None, None, None, None),)",[ -0.1          0.           0.         -46.20083939]
"((None, 2.0, 0.0, 0.0, 0.0, None, 2.0, 0.0, 0.0, 4, None, 2.0, 0.0, 0.0, 1.0, None, 2.0, 2.0, 2.0, 2.0, None, None, None, None, None),)",[-0.199  -1.0171 -1.     -0.19  ]
"((None, 2.0, 2.0, 2.0, 2.0, None, 2.0, 0.0, 0.0, 0.0, None, 2.0, 0.0, 0.0, 4, None, 2.0, 0.0, 0.0, 1.0, None, 2.0, 2.0, 2.0, 2.0),)",[-0.199 -0.199 -1.    -5.   ]
"((None, None, None, None, None, 2.0, 2.0, 2.0, 2.0, 2.0, 2.0, 0.0, 4, 0.0, 2.0, 2.0, 0.0, 0.0, 1.0, 2.0, 2.0, 0.0, 0.0, 1.0, 2.0),)",[0. 0. 0. 0.]
"((2.0, 0.0, 4, 0.0, 2.0, 2.0, 0.0, 0.0, 0.0, 2.0, 2.0, 0.0, 1.0, 1.0, 2.0, 2.0, 2.0, 2.0, 2.0, 2.0, None, None, None, None, None),)",[-0.1  0.   0.   0. ]
"((2.0, 2.0, 2.0, 2.0, 2.0, 2.0, 0.0, 4, 0.0, 2.0, 2.0, 0.0, 0.0, 0.0, 2.0, 2.0, 0.0, 0.0, 1.0, 2.0, 2.0, 2.0, 2.0, 2.0, 2.0),)",[-5.  0.  0.  0.]
"((2.0, 0.0, 0.0, 0.0, 2.0, 2.0, 4, 0.0, 0.0, 2.0, 2.0, 0.0, 0.0, 1.0, 2.0, 2.0, 2.0, 2.0, 2.0, 2.0, None, None, None, None, None),)",[-0.1    -1.     -5.      3.1069]
"((2.0, 2.0, 2.0, 2.0, 2.0, 2.0, 0.0, 0.0, 0.0, 2.0, 2.0, 0.0, 0.0, 0.0, 2.0, 2.0, 4, 0.0, 1.0, 2.0, 2.0, 2.0, 2.0, 2.0, 2.0),)",[-0.1 -0.1 -0.1 -0.1]
"((None, None, None, None, None, 2.0, 2.0, 2.0, 2.0, 2.0, 2.0, 0.0, 0.0, 0.0, 2.0, 2.0, 0.0, 0.0, 0.0, 2.0, 2.0, 4, 0.0, 1.0, 2.0),)",[-1.  0.  0.  0.]
"((None, None, None, None, None, 2.0, 2.0, 2.0, 2.0, 2.0, 2.0, 0.0, 0.0, 0.0, 2.0, 2.0, 4, 0.0, 0.0, 2.0, 2.0, 0.0, 0.0, 1.0, 2.0),)",[-1.  -0.1  0.   0. ]
"((2.0, 2.0, 2.0, 2.0, 2.0, 2.0, 4, 0.0, 0.0, 2.0, 2.0, 0.0, 0.0, 0.0, 2.0, 2.0, 0.0, 0.0, 1.0, 2.0, 2.0, 2.0, 2.0, 2.0, 2.0),)",[-0.1  0.   0.   0. ]
"((None, None, None, None, None, 2.0, 2.0, 2.0, 2.0, 2.0, 2.0, 4, 0.0, 0.0, 2.0, 2.0, 0.0, 0.0, 0.0, 2.0, 2.0, 0.0, 0.0, 1.0, 2.0),)",[-5.  0.  0.  0.]
"((2.0, 0.0, 0.0, 1.0, 2.0, 2.0, 0.0, 4, 1.0, 2.0, 2.0, 0.0, 0.0, 1.0, 2.0, 2.0, 2.0, 2.0, 2.0, 2.0, None, None, None, None, None),)",[-5.  0.  0.  0.]
"((2.0, 2.0, 2.0, 2.0, 2.0, 2.0, 0.0, 0.0, 1.0, 2.0, 2.0, 0.0, 4, 1.0, 2.0, 2.0, 0.0, 0.0, 1.0, 2.0, 2.0, 2.0, 2.0, 2.0, 2.0),)",[0. 0. 0. 0.]
"((None, None, None, None, None, None, 2.0, 2.0, 2.0, 2.0, None, 2.0, 0.0, 0.0, 1.0, None, 2.0, 0.0, 1.0, 1.0, None, 2.0, 4, 1.0, 1.0),)",[-1. -5.  0.  0.]
"((None, None, None, None, None, None, 2.0, 2.0, 2.0, 2.0, None, 2.0, 0.0, 0.0, 1.0, None, 2.0, 4, 1.0, 1.0, None, 2.0, 0.0, 1.0, 1.0),)",[-5.9  0.   0.   0. ]
"((2.0, 0.0, 0.0, 0.0, 2.0, 2.0, 0.0, 4, 0.0, 2.0, 2.0, 0.0, 1.0, 1.0, 2.0, 2.0, 2.0, 2.0, 2.0, 2.0, None, None, None, None, None),)",[ -5.          -1.9         -2.16176258 -12.89673286]
"((None, None, None, None, None, 2.0, 2.0, 2.0, 2.0, None, 0.0, 0.0, 0.0, 2.0, None, 0.0, 0.0, 0.0, 2.0, None, 0.0, 4, 0.0, 2.0, None),)",[-1.08535157 -0.35526849 -0.1        -1.        ]
"((None, None, None, None, None, 2.0, 2.0, 2.0, 2.0, None, 0.0, 0.0, 0.0, 2.0, None, 0.0, 0.0, 4, 2.0, None, 0.0, 1.0, 0.0, 2.0, None),)",[-5.9   -5.    -0.109 -5.009]
"((None, None, None, None, None, 2.0, 2.0, 2.0, 2.0, None, 0.0, 0.0, 4, 2.0, None, 0.0, 0.0, 0.0, 2.0, None, 0.0, 1.0, 1.0, 2.0, None),)",[0. 0. 0. 0.]
"((2.0, 2.0, 2.0, 2.0, 2.0, 2.0, 0.0, 0.0, 0.0, 2.0, 2.0, 0.0, 0.0, 1.0, 2.0, 2.0, 0.0, 4, 1.0, 2.0, 2.0, 2.0, 2.0, 2.0, 2.0),)",[-0.1 -5.   0.   0. ]
"((None, None, None, None, None, 2.0, 2.0, 2.0, 2.0, 2.0, 2.0, 0.0, 0.0, 0.0, 2.0, 2.0, 0.0, 0.0, 1.0, 2.0, 2.0, 0.0, 4, 1.0, 2.0),)",[-1.  0.  0.  0.]
"((None, None, None, None, None, 2.0, 2.0, 2.0, 2.0, 2.0, 2.0, 0.0, 0.0, 0.0, 2.0, 2.0, 0.0, 4, 1.0, 2.0, 2.0, 0.0, 0.0, 1.0, 2.0),)",[-5.9  0.   0.   0. ]
"((None, 2.0, 0.0, 0.0, 0.0, None, 2.0, 4, 0.0, 1.0, None, 2.0, 0.0, 0.0, 1.0, None, 2.0, 2.0, 2.0, 2.0, None, None, None, None, None),)",[-5.  0.  0.  0.]
"((None, 2.0, 2.0, 2.0, 2.0, None, 2.0, 0.0, 0.0, 0.0, None, 2.0, 4, 0.0, 1.0, None, 2.0, 0.0, 0.0, 1.0, None, 2.0, 2.0, 2.0, 2.0),)",[0. 0. 0. 0.]
"((2.0, 2.0, 2.0, 2.0, 2.0, 2.0, 0.0, 4, 0.0, 2.0, 2.0, 0.0, 0.0, 0.0, 2.0, 2.0, 0.0, 1.0, 1.0, 2.0, 2.0, 2.0, 2.0, 2.0, 2.0),)",[-5.  0.  0.  0.]
"((None, 2.0, 0.0, 0.0, 0.0, None, 2.0, 0.0, 0.0, 0.0, None, 2.0, 0.0, 1.0, 4, None, 2.0, 2.0, 2.0, 2.0, None, None, None, None, None),)",[-0.1  0.   0.   0. ]
"((None, 2.0, 0.0, 0.0, 0.0, None, 2.0, 0.0, 0.0, 0.0, None, 2.0, 0.0, 0.0, 4, None, 2.0, 2.0, 2.0, 2.0, None, None, None, None, None),)",[-0.87001706 -1.         -1.         -5.        ]
"((2.0, 0.0, 0.0, 0.0, 2.0, 2.0, 0.0, 0.0, 0.0, 2.0, 2.0, 4, 0.0, 1.0, 2.0, 2.0, 2.0, 2.0, 2.0, 2.0, None, None, None, None, None),)",[ 0. -5.  0.  0.]
"((None, None, None, None, None, None, 2.0, 2.0, 2.0, 2.0, None, 2.0, 0.0, 0.0, 0.0, None, 2.0, 0.0, 0.0, 1.0, None, 2.0, 0.0, 4, 1.0),)",[-1.  -0.1  0.   0. ]
"((None, 2.0, 0.0, 0.0, 4, None, 2.0, 0.0, 0.0, 0.0, None, 2.0, 0.0, 1.0, 1.0, None, 2.0, 2.0, 2.0, 2.0, None, None, None, None, None),)",[-0.1  0.   0.   0. ]
"((2.0, 2.0, 2.0, 2.0, 2.0, 2.0, 4, 0.0, 0.0, 2.0, 2.0, 0.0, 0.0, 0.0, 2.0, 2.0, 0.0, 1.0, 1.0, 2.0, 2.0, 2.0, 2.0, 2.0, 2.0),)",[-0.1  0.   0.   0. ]
"((None, None, None, None, None, 2.0, 2.0, 2.0, 2.0, None, 0.0, 0.0, 0.0, 2.0, None, 0.0, 4, 0.0, 2.0, None, 0.0, 1.0, 0.0, 2.0, None),)",[-6.03252417 -9.581      -4.21644489 -6.28948406]
"((2.0, 2.0, 2.0, 2.0, 2.0, 2.0, 0.0, 4, 0.0, 2.0, 2.0, 0.0, 0.0, 0.0, 2.0, 2.0, 0.0, 1.0, 0.0, 2.0, 2.0, 2.0, 2.0, 2.0, 2.0),)",[ 0.  0. -5.  0.]
"((2.0, 2.0, 2.0, 2.0, 2.0, 2.0, 0.0, 0.0, 0.0, 2.0, 2.0, 0.0, 4, 0.0, 2.0, 2.0, 0.0, 0.0, 1.0, 2.0, 2.0, 2.0, 2.0, 2.0, 2.0),)",[0. 0. 0. 0.]
"((2.0, 2.0, 2.0, 2.0, 2.0, 2.0, 0.0, 0.0, 0.0, 2.0, 2.0, 0.0, 0.0, 1.0, 2.0, 2.0, 0.0, 0.0, 4, 2.0, 2.0, 2.0, 2.0, 2.0, 2.0),)",[-0.1  0.   0.   0. ]
"((None, None, None, None, None, 2.0, 2.0, 2.0, 2.0, 2.0, 2.0, 0.0, 0.0, 0.0, 2.0, 2.0, 0.0, 0.0, 4, 2.0, 2.0, 0.0, 0.0, 1.0, 2.0),)",[-1.    -0.19  -0.199 -0.19 ]
"((2.0, 2.0, 2.0, 2.0, 2.0, 2.0, 0.0, 0.0, 4, 2.0, 2.0, 0.0, 0.0, 1.0, 2.0, 2.0, 0.0, 0.0, 1.0, 2.0, 2.0, 2.0, 2.0, 2.0, 2.0),)",[-0.1  0.   0.   0. ]
"((None, None, None, None, None, 2.0, 2.0, 2.0, 2.0, 2.0, 2.0, 0.0, 0.0, 4, 2.0, 2.0, 0.0, 0.0, 1.0, 2.0, 2.0, 0.0, 0.0, 1.0, 2.0),)",[-5.  0.  0.  0.]
"((2.0, 2.0, 2.0, 2.0, 2.0, 2.0, 0.0, 0.0, 0.0, 2.0, 2.0, 0.0, 1.0, 0.0, 2.0, 2.0, 0.0, 4, 0.0, 2.0, 2.0, 2.0, 2.0, 2.0, 2.0),)",[ -0.1     -5.     -13.0793   0.    ]
"((2.0, 0.0, 0.0, 0.0, 2.0, 2.0, 0.0, 0.0, 0.0, 2.0, 2.0, 0.0, 1.0, 4, 2.0, 2.0, 2.0, 2.0, 2.0, 2.0, None, None, None, None, None),)",[ -0.64897409 -10.06471469  -0.71574339  -5.        ]
"((None, None, None, None, None, None, 2.0, 2.0, 2.0, 2.0, None, 2.0, 0.0, 0.0, 4, None, 2.0, 0.0, 0.0, 0.0, None, 2.0, 0.0, 0.0, 1.0),)",[-1.  -0.1  0.   0. ]
"((None, 2.0, 2.0, 2.0, 2.0, None, 2.0, 0.0, 4, 0.0, None, 2.0, 0.0, 0.0, 0.0, None, 2.0, 0.0, 0.0, 1.0, None, 2.0, 2.0, 2.0, 2.0),)",[-0.1  0.   0.   0. ]
"((2.0, 0.0, 0.0, 0.0, 2.0, 2.0, 0.0, 0.0, 0.0, 2.0, 2.0, 0.0, 0.0, 4, 2.0, 2.0, 2.0, 2.0, 2.0, 2.0, None, None, None, None, None),)",[-0.125929 -5.        0.        0.      ]
"((None, None, None, None, None, 2.0, 2.0, 2.0, 2.0, 2.0, 2.0, 0.0, 0.0, 0.0, 2.0, 2.0, 0.0, 4, 0.0, 2.0, 2.0, 0.0, 1.0, 0.0, 2.0),)",[ -5.9         -5.         -50.88372697   0.        ]
"((2.0, 0.0, 0.0, 0.0, 2.0, 2.0, 0.0, 4, 0.0, 2.0, 2.0, 0.0, 0.0, 1.0, 2.0, 2.0, 2.0, 2.0, 2.0, 2.0, None, None, None, None, None),)",[ 0.         -9.59067755  0.          0.        ]
"((0.0, 0.0, 0.0, 2.0, None, 0.0, 1.0, 4, 2.0, None, 0.0, 1.0, 0.0, 2.0, None, 2.0, 2.0, 2.0, 2.0, None, None, None, None, None, None),)",[-5.         -5.9         8.73828136  0.        ]
"((None, None, None, None, None, 2.0, 2.0, 2.0, 2.0, None, 0.0, 0.0, 0.0, 2.0, None, 0.0, 4, 1.0, 2.0, None, 0.0, 0.0, 1.0, 2.0, None),)",[-1.  1.  0.  0.]
"((2.0, 2.0, 2.0, 2.0, None, 0.0, 4, 0.0, 2.0, None, 0.0, 0.0, 1.0, 2.0, None, 0.0, 0.0, 1.0, 2.0, None, 2.0, 2.0, 2.0, 2.0, None),)",[-0.1  0.   0.   0. ]
"((None, None, None, None, None, 2.0, 2.0, 2.0, 2.0, None, 0.0, 4, 0.0, 2.0, None, 0.0, 0.0, 0.0, 2.0, None, 0.0, 0.0, 1.0, 2.0, None),)",[-5.  0.  0.  0.]
"((None, 2.0, 2.0, 2.0, 2.0, None, 2.0, 0.0, 0.0, 0.0, None, 2.0, 0.0, 0.0, 0.0, None, 2.0, 4, 1.0, 1.0, None, 2.0, 2.0, 2.0, 2.0),)",[-0.1171 -5.     -5.9    -0.01  ]
"((None, None, None, None, None, 2.0, 2.0, 2.0, 2.0, None, 0.0, 0.0, 0.0, 2.0, None, 4, 0.0, 0.0, 2.0, None, 0.0, 1.0, 1.0, 2.0, None),)",[-1.  -0.1  0.   0. ]
"((0.0, 4, 0.0, 2.0, None, 0.0, 0.0, 0.0, 2.0, None, 0.0, 1.0, 1.0, 2.0, None, 2.0, 2.0, 2.0, 2.0, None, None, None, None, None, None),)",[-0.1        -1.50966597  0.          0.        ]
"((0.0, 0.0, 4, 2.0, None, 0.0, 0.0, 0.0, 2.0, None, 0.0, 1.0, 0.0, 2.0, None, 2.0, 2.0, 2.0, 2.0, None, None, None, None, None, None),)",[-5.          2.47999329  0.          0.        ]
"((None, 2.0, 2.0, 2.0, 2.0, None, 2.0, 0.0, 0.0, 1.0, None, 2.0, 4, 1.0, 1.0, None, 2.0, 0.0, 1.0, 1.0, None, 2.0, 2.0, 2.0, 2.0),)",[0. 0. 0. 0.]
"((0.0, 0.0, 0.0, 2.0, None, 0.0, 0.0, 0.0, 2.0, None, 0.0, 1.0, 4, 2.0, None, 2.0, 2.0, 2.0, 2.0, None, None, None, None, None, None),)",[0. 0. 0. 0.]
"((None, None, None, None, None, 2.0, 2.0, 2.0, 2.0, 2.0, 2.0, 0.0, 0.0, 0.0, 2.0, 2.0, 0.0, 0.0, 0.0, 2.0, 2.0, 0.0, 4, 0.0, 2.0),)",[-1.         -5.         -0.2071     -0.75250576]
"((2.0, 2.0, 2.0, 2.0, 2.0, 2.0, 0.0, 0.0, 0.0, 2.0, 2.0, 0.0, 0.0, 4, 2.0, 2.0, 0.0, 1.0, 0.0, 2.0, 2.0, 2.0, 2.0, 2.0, 2.0),)",[-0.1        26.12739394  0.          0.        ]
"((None, None, None, None, None, None, 2.0, 2.0, 2.0, 2.0, None, 2.0, 0.0, 0.0, 4, None, 2.0, 0.0, 0.0, 0.0, None, 2.0, 0.0, 1.0, 0.0),)",[-1.  -0.1 -1.  -0.1]
"((None, 2.0, 2.0, 2.0, 2.0, None, 2.0, 0.0, 4, 0.0, None, 2.0, 0.0, 0.0, 0.0, None, 2.0, 0.0, 1.0, 0.0, None, 2.0, 2.0, 2.0, 2.0),)",[-0.1 -0.1  0.   0. ]
"((None, None, None, None, None, None, 2.0, 2.0, 2.0, 2.0, None, 2.0, 0.0, 4, 0.0, None, 2.0, 0.0, 0.0, 0.0, None, 2.0, 0.0, 1.0, 0.0),)",[-5.  -0.1  0.   0. ]
"((None, None, None, None, None, None, 2.0, 2.0, 2.0, 2.0, None, 2.0, 0.0, 0.0, 0.0, None, 2.0, 0.0, 0.0, 4, None, 2.0, 0.0, 1.0, 0.0),)",[-1.  -0.1 -1.  -0.1]
"((None, 2.0, 2.0, 2.0, 2.0, None, 2.0, 0.0, 0.0, 4, None, 2.0, 0.0, 0.0, 0.0, None, 2.0, 0.0, 1.0, 0.0, None, 2.0, 2.0, 2.0, 2.0),)",[-0.1  0.   0.   0. ]
"((None, 2.0, 4, 0.0, 0.0, None, 2.0, 0.0, 0.0, 0.0, None, 2.0, 0.0, 1.0, 0.0, None, 2.0, 2.0, 2.0, 2.0, None, None, None, None, None),)",[-0.1  0.   0.   0. ]
"((None, 2.0, 2.0, 2.0, 2.0, None, 2.0, 4, 0.0, 0.0, None, 2.0, 0.0, 0.0, 0.0, None, 2.0, 0.0, 1.0, 0.0, None, 2.0, 2.0, 2.0, 2.0),)",[-5.  0.  0.  0.]
"((None, 2.0, 2.0, 2.0, 2.0, None, 2.0, 0.0, 0.0, 0.0, None, 2.0, 0.0, 0.0, 4, None, 2.0, 0.0, 1.0, 0.0, None, 2.0, 2.0, 2.0, 2.0),)",[-0.1 -0.1  0.   0. ]
"((None, 2.0, 0.0, 0.0, 0.0, None, 2.0, 0.0, 4, 0.0, None, 2.0, 0.0, 0.0, 1.0, None, 2.0, 2.0, 2.0, 2.0, None, None, None, None, None),)",[-5.         -4.16928907 -4.81912939 -5.1629    ]
"((None, 2.0, 2.0, 2.0, 2.0, None, 2.0, 0.0, 0.0, 0.0, None, 2.0, 4, 0.0, 0.0, None, 2.0, 0.0, 0.0, 1.0, None, 2.0, 2.0, 2.0, 2.0),)",[0. 0. 0. 0.]
"((0.0, 0.0, 0.0, 2.0, None, 0.0, 0.0, 0.0, 2.0, None, 0.0, 0.0, 4, 2.0, None, 2.0, 2.0, 2.0, 2.0, None, None, None, None, None, None),)",[0. 0. 0. 0.]
"((2.0, 2.0, 2.0, 2.0, 2.0, 2.0, 0.0, 0.0, 0.0, 2.0, 2.0, 0.0, 0.0, 0.0, 2.0, 2.0, 0.0, 4, 0.0, 2.0, 2.0, 2.0, 2.0, 2.0, 2.0),)",[-0.36854138 -5.         -0.3529     -0.33446583]
"((2.0, 2.0, 2.0, 2.0, 2.0, 2.0, 0.0, 0.0, 0.0, 2.0, 2.0, 0.0, 1.0, 0.0, 2.0, 2.0, 0.0, 1.0, 4, 2.0, 2.0, 2.0, 2.0, 2.0, 2.0),)",[-0.1323361   1.83349233  0.          0.        ]
"((None, None, None, None, None, None, 2.0, 2.0, 2.0, 2.0, None, 2.0, 0.0, 0.0, 0.0, None, 2.0, 0.0, 0.0, 0.0, None, 2.0, 0.0, 4, 0.0),)",[-1.  -0.1  0.   0. ]
"((None, 2.0, 2.0, 2.0, 2.0, None, 2.0, 0.0, 0.0, 0.0, None, 2.0, 0.0, 4, 0.0, None, 2.0, 0.0, 1.0, 0.0, None, 2.0, 2.0, 2.0, 2.0),)",[ -5.09    -13.58978  -5.9       0.     ]
"((None, None, None, None, None, None, 2.0, 2.0, 2.0, 2.0, None, 2.0, 0.0, 0.0, 0.0, None, 2.0, 0.0, 4, 0.0, None, 2.0, 0.0, 1.0, 0.0),)",[-1.    -0.271 -1.    -5.   ]
"((None, None, None, None, None, None, 2.0, 2.0, 2.0, 2.0, None, 2.0, 0.0, 0.0, 0.0, None, 2.0, 4, 0.0, 0.0, None, 2.0, 0.0, 1.0, 0.0),)",[-5.9  0.   0.   0. ]
"((2.0, 2.0, 2.0, 2.0, None, 0.0, 0.0, 0.0, 2.0, None, 0.0, 1.0, 0.0, 2.0, None, 0.0, 1.0, 4, 2.0, None, 2.0, 2.0, 2.0, 2.0, None),)",[-0.1 -5.   0.   0. ]
"((None, None, None, None, None, 2.0, 2.0, 2.0, 2.0, 2.0, 2.0, 0.0, 0.0, 0.0, 2.0, 2.0, 0.0, 1.0, 4, 2.0, 2.0, 0.0, 1.0, 0.0, 2.0),)",[-1.   1.9  0.   0. ]
"((2.0, 2.0, 2.0, 2.0, 2.0, 2.0, 0.0, 0.0, 4, 2.0, 2.0, 0.0, 1.0, 0.0, 2.0, 2.0, 0.0, 1.0, 0.0, 2.0, 2.0, 2.0, 2.0, 2.0, 2.0),)",[-0.1  0.   0.   0. ]
"((2.0, 2.0, 2.0, 2.0, 2.0, 2.0, 0.0, 0.0, 0.0, 2.0, 2.0, 0.0, 1.0, 4, 2.0, 2.0, 0.0, 1.0, 0.0, 2.0, 2.0, 2.0, 2.0, 2.0, 2.0),)",[-0.08724629 -4.829      -0.1        -5.        ]
"((2.0, 2.0, 2.0, 2.0, None, 0.0, 0.0, 0.0, 2.0, None, 0.0, 0.0, 4, 2.0, None, 0.0, 0.0, 1.0, 2.0, None, 2.0, 2.0, 2.0, 2.0, None),)",[0. 0. 0. 0.]
"((0.0, 0.0, 0.0, 2.0, None, 0.0, 1.0, 0.0, 2.0, None, 0.0, 1.0, 4, 2.0, None, 2.0, 2.0, 2.0, 2.0, None, None, None, None, None, None),)",[0. 0. 0. 0.]
"((None, 2.0, 0.0, 0.0, 0.0, None, 2.0, 0.0, 0.0, 0.0, None, 2.0, 4, 1.0, 1.0, None, 2.0, 2.0, 2.0, 2.0, None, None, None, None, None),)",[0. 0. 0. 0.]
"((None, 2.0, 2.0, 2.0, 2.0, None, 2.0, 0.0, 0.0, 0.0, None, 2.0, 0.0, 0.0, 0.0, None, 2.0, 4, 0.0, 1.0, None, 2.0, 2.0, 2.0, 2.0),)",[-0.1 -5.  -5.   0. ]
"((None, 2.0, 0.0, 0.0, 0.0, None, 2.0, 0.0, 0.0, 0.0, None, 2.0, 4, 0.0, 1.0, None, 2.0, 2.0, 2.0, 2.0, None, None, None, None, None),)",[0. 0. 0. 0.]
"((0.0, 0.0, 0.0, 2.0, None, 4, 0.0, 0.0, 2.0, None, 0.0, 0.0, 1.0, 2.0, None, 2.0, 2.0, 2.0, 2.0, None, None, None, None, None, None),)",[9.31 0.   0.   0.  ]
"((2.0, 2.0, 2.0, 2.0, None, 0.0, 0.0, 0.0, 2.0, None, 0.0, 4, 0.0, 2.0, None, 0.0, 0.0, 0.0, 2.0, None, 2.0, 2.0, 2.0, 2.0, None),)",[-4.559  0.     0.     0.   ]
"((None, None, None, None, None, 2.0, 2.0, 2.0, 2.0, 2.0, 2.0, 0.0, 0.0, 0.0, 2.0, 2.0, 0.0, 1.0, 0.0, 2.0, 2.0, 0.0, 1.0, 4, 2.0),)",[-1.         5.7008932  0.         0.       ]
"((None, None, None, None, None, 2.0, 2.0, 2.0, 2.0, 2.0, 2.0, 0.0, 0.0, 0.0, 2.0, 2.0, 0.0, 1.0, 0.0, 2.0, 2.0, 0.0, 4, 0.0, 2.0),)",[-1. -5.  0.  0.]
"((2.0, 0.0, 0.0, 0.0, 2.0, 2.0, 0.0, 1.0, 4, 2.0, 2.0, 0.0, 0.0, 0.0, 2.0, 2.0, 2.0, 2.0, 2.0, 2.0, None, None, None, None, None),)",[-5. -1.  0.  0.]
"((None, 2.0, 0.0, 0.0, 0.0, None, 2.0, 0.0, 1.0, 4, None, 2.0, 0.0, 0.0, 0.0, None, 2.0, 2.0, 2.0, 2.0, None, None, None, None, None),)",[-0.1 -1.  -1.  -0.1]
"((None, 2.0, 2.0, 2.0, 2.0, None, 2.0, 0.0, 0.0, 0.0, None, 2.0, 0.0, 1.0, 0.0, None, 2.0, 0.0, 0.0, 4, None, 2.0, 2.0, 2.0, 2.0),)",[-0.1 -0.1  0.   0. ]
"((None, None, None, None, None, None, 2.0, 2.0, 2.0, 2.0, None, 2.0, 0.0, 0.0, 0.0, None, 2.0, 0.0, 1.0, 0.0, None, 2.0, 0.0, 0.0, 4),)",[-1.  0.  0.  0.]
"((None, None, None, None, None, None, 2.0, 2.0, 2.0, 2.0, None, 2.0, 0.0, 0.0, 0.0, None, 2.0, 0.0, 1.0, 0.0, None, 2.0, 0.0, 4, 0.0),)",[-1.  -0.1  0.   0. ]
"((None, 2.0, 2.0, 2.0, 2.0, None, 2.0, 0.0, 0.0, 0.0, None, 2.0, 0.0, 1.0, 0.0, None, 2.0, 4, 0.0, 0.0, None, 2.0, 2.0, 2.0, 2.0),)",[-0.1 -5.   0.   0. ]
"((None, None, None, None, None, None, 2.0, 2.0, 2.0, 2.0, None, 2.0, 0.0, 0.0, 0.0, None, 2.0, 0.0, 1.0, 0.0, None, 2.0, 4, 0.0, 0.0),)",[-1.  -0.1  0.   0. ]
"((None, None, None, None, None, None, 2.0, 2.0, 2.0, 2.0, None, 2.0, 0.0, 0.0, 0.0, None, 2.0, 4, 1.0, 0.0, None, 2.0, 0.0, 0.0, 0.0),)",[-5.9  0.   0.   0. ]
"((0.0, 0.0, 0.0, 2.0, None, 0.0, 1.0, 0.0, 2.0, None, 0.0, 0.0, 4, 2.0, None, 2.0, 2.0, 2.0, 2.0, None, None, None, None, None, None),)",[0. 0. 0. 0.]
"((None, 2.0, 0.0, 0.0, 0.0, None, 2.0, 0.0, 1.0, 0.0, None, 2.0, 0.0, 0.0, 4, None, 2.0, 2.0, 2.0, 2.0, None, None, None, None, None),)",[-0.1        -1.         -1.         -0.07941089]
"((2.0, 0.0, 0.0, 0.0, 2.0, 2.0, 0.0, 1.0, 0.0, 2.0, 2.0, 0.0, 0.0, 4, 2.0, 2.0, 2.0, 2.0, 2.0, 2.0, None, None, None, None, None),)",[  1.           0.           0.         -39.74911789]
"((2.0, 2.0, 2.0, 2.0, 2.0, 2.0, 0.0, 0.0, 0.0, 2.0, 2.0, 0.0, 1.0, 0.0, 2.0, 2.0, 0.0, 0.0, 4, 2.0, 2.0, 2.0, 2.0, 2.0, 2.0),)",[4.9 0.  0.  0. ]
"((None, 2.0, 0.0, 0.0, 0.0, None, 2.0, 0.0, 1.0, 0.0, None, 2.0, 0.0, 4, 0.0, None, 2.0, 2.0, 2.0, 2.0, None, None, None, None, None),)",[-0.1  0.   0.   0. ]
"((None, 2.0, 2.0, 2.0, 2.0, None, 2.0, 0.0, 0.0, 0.0, None, 2.0, 0.0, 1.0, 0.0, None, 2.0, 0.0, 4, 0.0, None, 2.0, 2.0, 2.0, 2.0),)",[-0.1  0.   0.   0. ]
"((None, 2.0, 2.0, 2.0, 2.0, None, 2.0, 0.0, 0.0, 0.0, None, 2.0, 0.0, 0.0, 0.0, None, 2.0, 0.0, 4, 0.0, None, 2.0, 2.0, 2.0, 2.0),)",[-0.19 -0.1  -1.   -5.  ]
"((None, None, None, None, None, 2.0, 2.0, 2.0, 2.0, 2.0, 2.0, 0.0, 4, 0.0, 2.0, 2.0, 0.0, 0.0, 0.0, 2.0, 2.0, 0.0, 1.0, 0.0, 2.0),)",[0. 0. 0. 0.]
"((2.0, 0.0, 0.0, 4, 2.0, 2.0, 0.0, 0.0, 0.0, 2.0, 2.0, 0.0, 1.0, 0.0, 2.0, 2.0, 2.0, 2.0, 2.0, 2.0, None, None, None, None, None),)",[9.31 0.   0.   0.  ]
"((2.0, 2.0, 2.0, 2.0, None, 0.0, 0.0, 0.0, 2.0, None, 0.0, 0.0, 0.0, 2.0, None, 4, 0.0, 1.0, 2.0, None, 2.0, 2.0, 2.0, 2.0, None),)",[-0.110539  0.        0.        0.      ]
"((None, None, None, None, None, 2.0, 2.0, 2.0, 2.0, None, 0.0, 0.0, 0.0, 2.0, None, 0.0, 4, 0.0, 2.0, None, 0.0, 0.0, 1.0, 2.0, None),)",[-1. -5.  0.  0.]
"((None, 2.0, 0.0, 0.0, 0.0, None, 2.0, 4, 0.0, 0.0, None, 2.0, 0.0, 0.0, 1.0, None, 2.0, 2.0, 2.0, 2.0, None, None, None, None, None),)",[ -5.       -5.9     -10.31      0.11069]
"((None, None, None, None, None, 2.0, 2.0, 2.0, 2.0, None, 0.0, 0.0, 0.0, 2.0, None, 0.0, 0.0, 0.0, 2.0, None, 4, 1.0, 1.0, 2.0, None),)",[-1.0207531  0.         0.         0.       ]
"((None, 2.0, 0.0, 0.0, 0.0, None, 2.0, 0.0, 4, 0.0, None, 2.0, 0.0, 1.0, 0.0, None, 2.0, 2.0, 2.0, 2.0, None, None, None, None, None),)",[-0.1 -1.  -1.   0. ]
"((None, 2.0, 0.0, 0.0, 0.0, None, 2.0, 0.0, 4, 0.0, None, 2.0, 0.0, 0.0, 0.0, None, 2.0, 2.0, 2.0, 2.0, None, None, None, None, None),)",[-0.271 -1.    -1.    -0.19 ]
"((None, 2.0, 2.0, 2.0, 2.0, None, 2.0, 0.0, 0.0, 0.0, None, 2.0, 0.0, 4, 0.0, None, 2.0, 0.0, 0.0, 0.0, None, 2.0, 2.0, 2.0, 2.0),)",[-13.5752   0.       0.       0.    ]
"((None, None, None, None, None, 2.0, 2.0, 2.0, 2.0, 2.0, 2.0, 0.0, 0.0, 4, 2.0, 2.0, 0.0, 0.0, 0.0, 2.0, 2.0, 0.0, 0.0, 1.0, 2.0),)",[-5.9  0.   0.   0. ]
"((None, 2.0, 0.0, 0.0, 0.0, None, 2.0, 4, 1.0, 0.0, None, 2.0, 0.0, 0.0, 0.0, None, 2.0, 2.0, 2.0, 2.0, None, None, None, None, None),)",[-5.  0.  0.  0.]
"((None, 2.0, 2.0, 2.0, 2.0, None, 2.0, 0.0, 0.0, 0.0, None, 2.0, 4, 1.0, 0.0, None, 2.0, 0.0, 0.0, 0.0, None, 2.0, 2.0, 2.0, 2.0),)",[0. 0. 0. 0.]
"((None, 2.0, 0.0, 0.0, 1.0, None, 2.0, 0.0, 4, 1.0, None, 2.0, 0.0, 0.0, 1.0, None, 2.0, 2.0, 2.0, 2.0, None, None, None, None, None),)",[-0.1  0.   0.   0. ]
"((None, 2.0, 2.0, 2.0, 2.0, None, 2.0, 0.0, 0.0, 1.0, None, 2.0, 0.0, 4, 1.0, None, 2.0, 0.0, 0.0, 1.0, None, 2.0, 2.0, 2.0, 2.0),)",[-5.  0.  0.  0.]
"((None, None, None, None, None, 2.0, 2.0, 2.0, 2.0, None, 0.0, 0.0, 0.0, 2.0, None, 0.0, 0.0, 4, 2.0, None, 0.0, 0.0, 1.0, 2.0, None),)",[ 0.      0.      0.     -5.0171]
"((2.0, 0.0, 0.0, 0.0, 2.0, 2.0, 0.0, 4, 0.0, 2.0, 2.0, 0.0, 0.0, 0.0, 2.0, 2.0, 2.0, 2.0, 2.0, 2.0, None, None, None, None, None),)",[ 0.      0.      0.     -9.5252]
"((2.0, 0.0, 0.0, 0.0, 2.0, 2.0, 0.0, 0.0, 1.0, 2.0, 2.0, 0.0, 4, 1.0, 2.0, 2.0, 2.0, 2.0, 2.0, 2.0, None, None, None, None, None),)",[0. 0. 0. 0.]
"((None, 2.0, 0.0, 0.0, 0.0, None, 2.0, 0.0, 0.0, 0.0, None, 2.0, 0.0, 4, 0.0, None, 2.0, 2.0, 2.0, 2.0, None, None, None, None, None),)",[-0.1  0.   0.   0. ]
"((None, None, None, None, None, None, 2.0, 2.0, 2.0, 2.0, None, 2.0, 0.0, 0.0, 0.0, None, 2.0, 0.0, 0.0, 0.0, None, 2.0, 4, 0.0, 1.0),)",[-1.  -0.1  0.   0. ]
"((None, None, None, None, None, None, 2.0, 2.0, 2.0, 2.0, None, 2.0, 0.0, 0.0, 0.0, None, 2.0, 4, 0.0, 0.0, None, 2.0, 0.0, 0.0, 1.0),)",[-5.9  0.   0.   0. ]
"((None, None, None, None, None, None, 2.0, 2.0, 2.0, 2.0, None, 2.0, 0.0, 0.0, 0.0, None, 2.0, 0.0, 0.0, 0.0, None, 2.0, 4, 1.0, 0.0),)",[-1. -5.  0.  0.]
"((None, 2.0, 2.0, 2.0, 2.0, None, 2.0, 0.0, 0.0, 0.0, None, 2.0, 4, 0.0, 0.0, None, 2.0, 0.0, 1.0, 0.0, None, 2.0, 2.0, 2.0, 2.0),)",[0. 0. 0. 0.]
"((None, 2.0, 2.0, 2.0, 2.0, None, 2.0, 0.0, 4, 1.0, None, 2.0, 0.0, 1.0, 1.0, None, 2.0, 0.0, 1.0, 1.0, None, 2.0, 2.0, 2.0, 2.0),)",[-0.45463591  0.          0.          0.        ]
"((0.0, 0.0, 0.0, 2.0, None, 0.0, 4, 0.0, 2.0, None, 0.0, 0.0, 1.0, 2.0, None, 2.0, 2.0, 2.0, 2.0, None, None, None, None, None, None),)",[4.9 0.  0.  0. ]
"((2.0, 2.0, 2.0, 2.0, None, 0.0, 0.0, 0.0, 2.0, None, 4, 0.0, 0.0, 2.0, None, 0.0, 1.0, 1.0, 2.0, None, 2.0, 2.0, 2.0, 2.0, None),)",[-0.55  0.    0.    0.  ]
